timestamp (YYYY.MM.DD-HH.MM.SS),event,time (seconds),time (formatted),file name,file path
2014.08.04-13.56.06,save,1927,00:32:07,ebee3d_33.blend,C:\Art\Ebee3d\ebee3d_33.blend
2014.08.04-14.12.22,save,975,00:16:15,ebee3d_33.blend,C:\Art\Ebee3d\ebee3d_33.blend
2014.08.04-14.14.39,save,136,00:02:16,ebee3d_33.blend,C:\Art\Ebee3d\ebee3d_33.blend
2014.08.04-14.16.04,save,85,00:01:25,ebee3d_33.blend,C:\Art\Ebee3d\ebee3d_33.blend
2014.08.04-14.17.34,load,0,00:00:00,,
2014.08.04-14.17.36,load,2,00:00:02,ebee3d_33.blend,C:\Art\Ebee3d\ebee3d_33.blend
2014.08.04-14.21.14,save,217,00:03:37,ebee3d_33.blend,C:\Art\Ebee3d\ebee3d_33.blend
2014.08.04-14.35.02,save,828,00:13:48,ebee3d_33.blend,C:\Art\Ebee3d\ebee3d_33.blend
2014.08.04-14.36.56,load,0,00:00:00,,
2014.08.04-14.36.58,load,2,00:00:02,ebee3d_33.blend,C:\Art\Ebee3d\ebee3d_33.blend
2014.08.04-14.43.09,save,370,00:06:10,bake_example_01.blend,C:\Users\Ja\Desktop\bake_example_01.blend
2014.08.04-14.43.45,load,0,00:00:00,,
2014.08.04-14.43.45,load,0,00:00:00,bake_example_01.blend,C:\Users\Ja\Desktop\bake_example_01.blend
2014.08.04-14.44.11,load,25,00:00:25,ebee3d_33.blend,C:\Art\Ebee3d\ebee3d_33.blend
2014.08.04-14.45.20,load,69,00:01:09,ebee3d_33.blend,C:\Art\Ebee3d\ebee3d_33.blend
2014.08.04-15.01.33,save,972,00:16:12,ebee3d_34.blend,C:\Art\Ebee3d\ebee3d_34.blend
2014.08.04-15.06.25,save,291,00:04:51,ebee3d_34.blend,C:\Art\Ebee3d\ebee3d_34.blend
2014.08.04-15.09.11,save,166,00:02:46,ebee3d_34.blend,C:\Art\Ebee3d\ebee3d_34.blend
2014.08.04-15.10.46,load,94,00:01:34,ebee3d_33.blend,C:\Art\Ebee3d\ebee3d_33.blend
2014.08.04-15.13.10,save,144,00:02:24,ebee3d_33.blend,C:\Art\Ebee3d\ebee3d_33.blend
2014.08.04-15.13.16,save,6,00:00:06,ebee3d_34.blend,C:\Art\Ebee3d\ebee3d_34.blend
2014.08.04-15.14.41,save,85,00:01:25,ebee3d_34.blend,C:\Art\Ebee3d\ebee3d_34.blend
2014.08.04-16.09.42,load,0,00:00:00,,
2014.08.04-16.10.19,load,37,00:00:37,ebee3d_34.blend,C:\Art\Ebee3d\ebee3d_34.blend
2014.08.04-20.02.56,save,13957,03:52:37,ebee3d_35.blend,C:\Art\Ebee3d\ebee3d_35.blend
2014.08.05-12.08.51,load,0,00:00:00,,
2014.08.05-12.11.32,load,160,00:02:40,ebee3d_35.blend,C:\Art\Ebee3d\ebee3d_35.blend
2014.08.05-13.57.15,load,6342,01:45:42,ebee3d_34.blend,C:\Art\Ebee3d\ebee3d_34.blend
2014.08.05-13.57.42,load,27,00:00:27,ebee3d_35.blend,C:\Art\Ebee3d\ebee3d_35.blend
2014.08.05-13.58.41,save,58,00:00:58,ebee3d_35.blend,C:\Art\Ebee3d\ebee3d_35.blend
2014.08.05-14.05.08,save,386,00:06:26,ebee3d_35.blend,C:\Art\Ebee3d\ebee3d_35.blend
2014.08.05-14.08.20,save,192,00:03:12,ebee3d_36.blend,C:\Art\Ebee3d\ebee3d_36.blend
2014.08.05-14.08.46,load,0,00:00:00,,
2014.08.05-14.08.52,load,6,00:00:06,ebee3d_36.blend,C:\Art\Ebee3d\ebee3d_36.blend
2014.08.05-14.15.06,save,374,00:06:14,ebee3d_36.blend,C:\Art\Ebee3d\ebee3d_36.blend
2014.08.05-14.15.09,load,2,00:00:02,,
2014.08.05-14.47.42,save,1952,00:32:32,baker_01.blend,C:\Art\Ebee3d\baker_01.blend
2014.08.05-14.47.48,load,5,00:00:05,ebee3d_36.blend,C:\Art\Ebee3d\ebee3d_36.blend
2014.08.05-14.51.35,save,227,00:03:47,ebee3d_36.blend,C:\Art\Ebee3d\ebee3d_36.blend
2014.08.05-15.54.14,save,3758,01:02:38,ebee3d_36.blend,C:\Art\Ebee3d\ebee3d_36.blend
2014.08.05-16.13.54,save,1180,00:19:40,ebee3d_36.blend,C:\Art\Ebee3d\ebee3d_36.blend
2014.08.05-17.04.19,save,3024,00:50:24,ebee3d_37.blend,C:\Art\Ebee3d\ebee3d_37.blend
2014.08.05-17.40.04,load,0,00:00:00,,
2014.08.05-17.58.12,load,0,00:00:00,,
2014.08.06-17.51.38,load,1,00:00:01,,
2014.08.06-17.54.58,load,200,00:03:20,ebee3d_37.blend,C:\Art\Ebee3d\ebee3d_37.blend
2014.08.06-18.00.20,save,322,00:05:22,ebee3d_37.blend,C:\Art\Ebee3d\ebee3d_37.blend
2014.08.06-18.14.57,save,877,00:14:37,ebee3d_37.blend,C:\Art\Ebee3d\ebee3d_37.blend
2014.08.06-20.37.26,save,8548,02:22:28,ebee3d_37.blend,C:\Art\Ebee3d\ebee3d_37.blend
2014.08.06-20.55.15,save,1069,00:17:49,ebee3d_37.blend,C:\Art\Ebee3d\ebee3d_37.blend
2014.08.07-15.38.27,load,0,00:00:00,,
2014.08.07-16.53.12,load,4485,01:14:45,ebee3d_37.blend,C:\Art\Ebee3d\ebee3d_37.blend
2014.08.07-17.00.50,save,457,00:07:37,ebee3d_38.blend,C:\Art\Ebee3d\ebee3d_38.blend
2014.08.07-21.58.33,save,17862,04:57:42,ebee3d_38.blend,C:\Art\Ebee3d\ebee3d_38.blend
2014.08.07-22.44.02,load,0,00:00:00,,
2014.08.07-22.44.06,load,3,00:00:03,ebee3d_38.blend,C:\Art\Ebee3d\ebee3d_38.blend
2014.08.08-02.27.23,load,0,00:00:00,,
2014.08.08-15.13.03,load,45939,12:45:39,ebee3d_38.blend,C:\Art\Ebee3d\ebee3d_38.blend
2014.08.08-15.18.19,save,316,00:05:16,ebee3d_39.blend,C:\Art\Ebee3d\ebee3d_39.blend
2014.08.08-16.47.23,save,5343,01:29:03,ebee3d_39.blend,C:\Art\Ebee3d\ebee3d_39.blend
2014.08.08-16.51.39,save,255,00:04:15,ebee3d_39.blend,C:\Art\Ebee3d\ebee3d_39.blend
2014.08.08-16.58.45,save,426,00:07:06,ebee3d_39.blend,C:\Art\Ebee3d\ebee3d_39.blend
2014.08.08-17.58.18,save,3573,00:59:33,ebee3d_39.blend,C:\Art\Ebee3d\ebee3d_39.blend
2014.08.08-19.41.13,save,6174,01:42:54,ebee3d_39.blend,C:\Art\Ebee3d\ebee3d_39.blend
2014.08.08-19.46.32,load,0,00:00:00,,
2014.08.08-23.47.38,load,14466,04:01:06,,
2014.08.08-23.54.10,load,0,00:00:00,,
2014.08.08-23.57.34,load,0,00:00:00,,
2014.08.09-00.49.01,load,3087,00:51:27,ebee3d_39.blend,C:\Art\Ebee3d\ebee3d_39.blend
2014.08.09-00.54.06,save,305,00:05:05,ebee3d_40.blend,C:\Art\Ebee3d\ebee3d_40.blend
2014.08.09-01.53.00,load,0,00:00:00,,
2014.08.09-12.52.00,load,39539,10:58:59,,
2014.08.09-19.50.26,load,0,00:00:00,,
2014.08.10-02.07.36,load,22629,06:17:09,,
2014.08.11-11.32.15,load,0,00:00:00,,
2014.08.11-11.32.21,load,6,00:00:06,ebee3d_40.blend,C:\Art\Ebee3d\ebee3d_40.blend
2014.08.11-12.45.39,load,4398,01:13:18,ebee3d_40.blend,C:\Art\Ebee3d\ebee3d_40.blend
2014.08.11-13.57.33,save,4313,01:11:53,ebee3d_41.blend,C:\Art\Ebee3d\ebee3d_41.blend
2014.08.11-15.13.42,save,4569,01:16:09,ebee3d_41.blend,C:\Art\Ebee3d\ebee3d_41.blend
2014.08.11-15.27.36,save,833,00:13:53,ebee3d_42.blend,C:\Art\Ebee3d\ebee3d_42.blend
2014.08.11-15.43.16,save,940,00:15:40,ebee3d_42.blend,C:\Art\Ebee3d\ebee3d_42.blend
2014.08.11-15.44.12,save,56,00:00:56,ebee3d_42.blend,C:\Art\Ebee3d\ebee3d_42.blend
2014.08.11-15.55.05,save,652,00:10:52,ebee3d_42.blend,C:\Art\Ebee3d\ebee3d_42.blend
2014.08.11-15.55.12,load,7,00:00:07,,
2014.08.11-15.55.16,load,4,00:00:04,ebee3d_42.blend,C:\Art\Ebee3d\ebee3d_42.blend
2014.08.11-15.55.22,save,6,00:00:06,ebee3d_42.blend,C:\Art\Ebee3d\ebee3d_42.blend
2014.08.11-16.14.19,save,1136,00:18:56,ebee3d_42.blend,C:\Art\Ebee3d\ebee3d_42.blend
2014.08.11-20.27.32,save,15193,04:13:13,ebee3d_42.blend,C:\Art\Ebee3d\ebee3d_42.blend
2014.08.11-20.27.40,load,7,00:00:07,,
2014.08.11-23.18.58,load,10278,02:51:18,,
2014.08.11-23.19.48,load,0,00:00:00,,
2014.08.11-23.47.07,load,0,00:00:00,,
2014.08.11-23.56.30,load,0,00:00:00,,
2014.08.12-01.23.48,load,0,00:00:00,,
2014.08.12-01.33.32,load,0,00:00:00,,
2014.08.12-12.54.53,load,0,00:00:00,,
2014.08.12-12.54.55,load,1,00:00:01,ebee3d_42.blend,C:\Art\Ebee3d\ebee3d_42.blend
2014.08.12-13.09.42,save,886,00:14:46,ebee3d_43.blend,C:\Art\Ebee3d\ebee3d_43.blend
2014.08.12-13.13.22,save,220,00:03:40,ebee3d_43.blend,C:\Art\Ebee3d\ebee3d_43.blend
2014.08.12-13.13.54,save,32,00:00:32,ebee3d_43.blend,C:\Art\Ebee3d\ebee3d_43.blend
2014.08.12-14.09.33,save,3339,00:55:39,ebee3d_43.blend,C:\Art\Ebee3d\ebee3d_43.blend
2014.08.12-14.09.36,load,2,00:00:02,,
2014.08.12-14.28.25,load,1129,00:18:49,,
2014.08.12-15.06.16,load,2271,00:37:51,,
2014.08.12-16.45.06,load,5929,01:38:49,ebee3d_43.blend,C:\Art\Ebee3d\ebee3d_43.blend
2014.08.12-16.49.43,save,276,00:04:36,ebee3d_43.blend,C:\Art\Ebee3d\ebee3d_43.blend
2014.08.12-17.02.04,save,740,00:12:20,ebee3d_43.blend,C:\Art\Ebee3d\ebee3d_43.blend
2014.08.12-17.06.10,save,246,00:04:06,ebee3d_43.blend,C:\Art\Ebee3d\ebee3d_43.blend
2014.08.12-19.16.05,save,7794,02:09:54,ebee3d_43.blend,C:\Art\Ebee3d\ebee3d_43.blend
2014.08.13-13.45.49,load,0,00:00:00,,
2014.08.13-14.01.57,load,967,00:16:07,ebee3d_43.blend,C:\Art\Ebee3d\ebee3d_43.blend
2014.08.13-14.40.25,save,2308,00:38:28,ebee3d_43.blend,C:\Art\Ebee3d\ebee3d_43.blend
2014.08.13-14.47.28,load,423,00:07:03,,
2014.08.13-18.08.26,load,12058,03:20:58,,
2014.08.13-18.08.30,load,3,00:00:03,ebee3d_43.blend,C:\Art\Ebee3d\ebee3d_43.blend
2014.08.13-18.30.28,save,1318,00:21:58,ebee3d_44.blend,C:\Art\Ebee3d\ebee3d_44.blend
2014.08.13-18.53.34,load,0,00:00:00,,
2014.08.13-18.54.32,load,58,00:00:58,ebee3d_44.blend,C:\Art\Ebee3d\ebee3d_44.blend
2014.08.13-18.54.44,save,11,00:00:11,ebee3d_45.blend,C:\Art\Ebee3d\ebee3d_45.blend
2014.08.13-19.03.36,load,0,00:00:00,,
2014.08.13-19.03.54,load,17,00:00:17,ebee3d_45.blend,C:\Art\Ebee3d\ebee3d_45.blend
2014.08.13-19.06.40,load,0,00:00:00,,
2014.08.13-19.06.42,load,2,00:00:02,ebee3d_45.blend,C:\Art\Ebee3d\ebee3d_45.blend
2014.08.13-19.06.48,load,6,00:00:06,,
2014.08.13-19.07.03,load,14,00:00:14,ebee3d_45.blend,C:\Art\Ebee3d\ebee3d_45.blend
2014.08.13-19.07.13,save,10,00:00:10,ebee3d_46.blend,C:\Art\Ebee3d\ebee3d_46.blend
2014.08.13-19.10.32,save,198,00:03:18,ebee3d_46.blend,C:\Art\Ebee3d\ebee3d_46.blend
2014.08.13-19.11.05,save,33,00:00:33,ebee3d_46.blend,C:\Art\Ebee3d\ebee3d_46.blend
2014.08.13-19.12.52,load,0,00:00:00,,
2014.08.13-19.12.57,load,5,00:00:05,ebee3d_46.blend,C:\Art\Ebee3d\ebee3d_46.blend
2014.08.13-19.14.01,save,64,00:01:04,ebee3d_46.blend,C:\Art\Ebee3d\ebee3d_46.blend
2014.08.13-19.17.17,save,196,00:03:16,ebee3d_46.blend,C:\Art\Ebee3d\ebee3d_46.blend
2014.08.13-19.19.25,save,127,00:02:07,ebee3d_46.blend,C:\Art\Ebee3d\ebee3d_46.blend
2014.08.13-19.24.49,save,323,00:05:23,ebee3d_46.blend,C:\Art\Ebee3d\ebee3d_46.blend
2014.08.13-19.26.26,save,96,00:01:36,ebee3d_46.blend,C:\Art\Ebee3d\ebee3d_46.blend
2014.08.13-19.30.45,save,259,00:04:19,ebee3d_46.blend,C:\Art\Ebee3d\ebee3d_46.blend
2014.08.13-19.47.52,save,1027,00:17:07,ebee3d_46.blend,C:\Art\Ebee3d\ebee3d_46.blend
2014.08.13-20.00.48,save,775,00:12:55,ebee3d_46.blend,C:\Art\Ebee3d\ebee3d_46.blend
2014.08.13-20.02.55,save,126,00:02:06,ebee3d_46.blend,C:\Art\Ebee3d\ebee3d_46.blend
2014.08.13-20.03.54,save,59,00:00:59,ebee3d_46.blend,C:\Art\Ebee3d\ebee3d_46.blend
2014.08.13-20.04.39,save,45,00:00:45,ebee3d_46.blend,C:\Art\Ebee3d\ebee3d_46.blend
2014.08.13-20.10.17,save,337,00:05:37,ebee3d_46.blend,C:\Art\Ebee3d\ebee3d_46.blend
2014.08.13-21.40.32,load,0,00:00:00,,
2014.08.14-18.09.39,load,73746,20:29:06,ebee3d_46.blend,C:\Art\Ebee3d\ebee3d_46.blend
2014.08.14-18.18.00,save,500,00:08:20,ebee3d_47.blend,C:\Art\Ebee3d\ebee3d_47.blend
2014.08.14-18.22.47,save,287,00:04:47,ebee3d_47.blend,C:\Art\Ebee3d\ebee3d_47.blend
2014.08.14-19.26.23,save,3815,01:03:35,ebee3d_47.blend,C:\Art\Ebee3d\ebee3d_47.blend
2014.08.14-19.27.01,save,38,00:00:38,ebee3d_47.blend,C:\Art\Ebee3d\ebee3d_47.blend
2014.08.14-19.32.25,save,324,00:05:24,ebee3d_47.blend,C:\Art\Ebee3d\ebee3d_47.blend
2014.08.14-19.40.45,save,499,00:08:19,ebee3d_47.blend,C:\Art\Ebee3d\ebee3d_47.blend
2014.08.14-19.49.10,save,505,00:08:25,ebee3d_47.blend,C:\Art\Ebee3d\ebee3d_47.blend
2014.08.14-19.51.04,save,114,00:01:54,ebee3d_47.blend,C:\Art\Ebee3d\ebee3d_47.blend
2014.08.14-19.51.51,save,46,00:00:46,ebee3d_47.blend,C:\Art\Ebee3d\ebee3d_47.blend
2014.08.14-20.27.28,save,2137,00:35:37,ebee3d_47.blend,C:\Art\Ebee3d\ebee3d_47.blend
2014.08.14-20.57.17,save,1788,00:29:48,ebee3d_47.blend,C:\Art\Ebee3d\ebee3d_47.blend
2014.08.14-21.02.07,save,290,00:04:50,ebee3d_47.blend,C:\Art\Ebee3d\ebee3d_47.blend
2014.08.15-02.28.12,load,0,00:00:00,,
2014.08.15-12.57.04,load,37732,10:28:52,ebee3d_47.blend,C:\Art\Ebee3d\ebee3d_47.blend
2014.08.15-13.46.17,save,2953,00:49:13,ebee3d_48.blend,C:\Art\Ebee3d\ebee3d_48.blend
2014.08.15-13.50.34,save,256,00:04:16,ebee3d_48.blend,C:\Art\Ebee3d\ebee3d_48.blend
2014.08.15-13.55.22,save,287,00:04:47,ebee3d_48.blend,C:\Art\Ebee3d\ebee3d_48.blend
2014.08.15-13.56.12,save,50,00:00:50,ebee3d_48.blend,C:\Art\Ebee3d\ebee3d_48.blend
2014.08.15-13.59.14,load,0,00:00:00,,
2014.08.15-13.59.20,load,6,00:00:06,ebee3d_48.blend,C:\Art\Ebee3d\ebee3d_48.blend
2014.08.15-14.02.00,save,159,00:02:39,ebee3d_48.blend,C:\Art\Ebee3d\ebee3d_48.blend
2014.08.15-14.02.54,save,53,00:00:53,ebee3d_48.blend,C:\Art\Ebee3d\ebee3d_48.blend
2014.08.16-21.29.59,save,26825,07:27:05,ebee3d_48.blend,C:\Art\Ebee3d\ebee3d_48.blend
2014.08.16-23.36.41,load,0,00:00:00,,
2014.08.16-23.36.45,load,4,00:00:04,ebee3d_48.blend,C:\Art\Ebee3d\ebee3d_48.blend
2014.08.18-11.23.34,save,42408,11:46:48,ebee3d_48.blend,C:\Art\Ebee3d\ebee3d_48.blend
2014.08.18-14.58.01,save,12867,03:34:27,ebee3d_48.blend,C:\Art\Ebee3d\ebee3d_48.blend
2014.08.18-15.03.48,save,346,00:05:46,ebee3d_49.blend,C:\Art\Ebee3d\ebee3d_49.blend
2014.08.18-15.05.32,save,104,00:01:44,ebee3d_49.blend,C:\Art\Ebee3d\ebee3d_49.blend
2014.08.18-15.07.11,save,99,00:01:39,ebee3d_49.blend,C:\Art\Ebee3d\ebee3d_49.blend
2014.08.18-15.12.46,load,0,00:00:00,,
2014.08.18-15.12.52,load,5,00:00:05,ebee3d_49.blend,C:\Art\Ebee3d\ebee3d_49.blend
2014.08.18-15.13.48,load,55,00:00:55,ebee3d_49.blend,C:\Art\Ebee3d\ebee3d_49.blend
2014.08.18-15.20.46,save,417,00:06:57,ebee3d_49.blend,C:\Art\Ebee3d\ebee3d_49.blend
2014.08.18-15.28.06,save,440,00:07:20,ebee3d_49.blend,C:\Art\Ebee3d\ebee3d_49.blend
2014.08.18-18.58.40,save,12633,03:30:33,ebee3d_49.blend,C:\Art\Ebee3d\ebee3d_49.blend
2014.08.19-11.18.04,load,0,00:00:00,,
2014.08.19-11.18.13,load,9,00:00:09,ebee3d_49.blend,C:\Art\Ebee3d\ebee3d_49.blend
2014.08.19-11.34.52,save,999,00:16:39,ebee3d_50.blend,C:\Art\Ebee3d\ebee3d_50.blend
2014.08.19-12.12.07,save,2234,00:37:14,ebee3d_50.blend,C:\Art\Ebee3d\ebee3d_50.blend
2014.08.19-12.43.21,save,1874,00:31:14,ebee3d_50.blend,C:\Art\Ebee3d\ebee3d_50.blend
2014.08.19-12.58.59,save,938,00:15:38,ebee3d_50.blend,C:\Art\Ebee3d\ebee3d_50.blend
2014.08.19-13.37.15,save,2295,00:38:15,ebee3d_50.blend,C:\Art\Ebee3d\ebee3d_50.blend
2014.08.19-13.44.41,save,446,00:07:26,ebee3d_50.blend,C:\Art\Ebee3d\ebee3d_50.blend
2014.08.19-13.50.16,save,335,00:05:35,ebee3d_50.blend,C:\Art\Ebee3d\ebee3d_50.blend
2014.08.19-14.03.56,save,819,00:13:39,ebee3d_50.blend,C:\Art\Ebee3d\ebee3d_50.blend
2014.08.19-14.07.56,save,240,00:04:00,ebee3d_50.blend,C:\Art\Ebee3d\ebee3d_50.blend
2014.08.19-14.10.33,save,156,00:02:36,ebee3d_50.blend,C:\Art\Ebee3d\ebee3d_50.blend
2014.08.19-14.12.16,save,102,00:01:42,ebee3d_50.blend,C:\Art\Ebee3d\ebee3d_50.blend
2014.08.19-14.17.10,save,293,00:04:53,ebee3d_50.blend,C:\Art\Ebee3d\ebee3d_50.blend
2014.08.19-14.21.05,save,235,00:03:55,ebee3d_50.blend,C:\Art\Ebee3d\ebee3d_50.blend
2014.08.19-14.34.52,save,827,00:13:47,ebee3d_50.blend,C:\Art\Ebee3d\ebee3d_50.blend
2014.08.19-15.00.08,save,1515,00:25:15,ebee3d_50.blend,C:\Art\Ebee3d\ebee3d_50.blend
2014.08.19-19.33.52,save,16423,04:33:43,ebee3d_51.blend,C:\Art\Ebee3d\ebee3d_51.blend
2014.08.19-21.12.04,load,0,00:00:00,,
2014.08.19-21.12.16,load,11,00:00:11,ebee3d_51.blend,C:\Art\Ebee3d\ebee3d_51.blend
2014.08.19-21.39.26,save,1630,00:27:10,ebee3d_51.blend,C:\Art\Ebee3d\ebee3d_51.blend
2014.08.20-10.31.24,save,46317,12:51:57,ebee3d_52.blend,C:\Art\Ebee3d\ebee3d_52.blend
2014.08.20-10.37.30,save,366,00:06:06,ebee3d_52.blend,C:\Art\Ebee3d\ebee3d_52.blend
2014.08.20-10.51.33,save,842,00:14:02,ebee3d_52.blend,C:\Art\Ebee3d\ebee3d_52.blend
2014.08.20-11.16.56,save,1522,00:25:22,ebee3d_52.blend,C:\Art\Ebee3d\ebee3d_52.blend
2014.08.20-11.23.27,save,391,00:06:31,ebee3d_52.blend,C:\Art\Ebee3d\ebee3d_52.blend
2014.08.20-11.41.57,save,1110,00:18:30,ebee3d_52.blend,C:\Art\Ebee3d\ebee3d_52.blend
2014.08.20-11.54.36,save,758,00:12:38,ebee3d_52.blend,C:\Art\Ebee3d\ebee3d_52.blend
2014.08.20-12.25.42,save,1865,00:31:05,ebee3d_52.blend,C:\Art\Ebee3d\ebee3d_52.blend
2014.08.20-12.29.17,save,215,00:03:35,ebee3d_52.blend,C:\Art\Ebee3d\ebee3d_52.blend
2014.08.20-12.37.16,save,478,00:07:58,ebee3d_53.blend,C:\Art\Ebee3d\ebee3d_53.blend
2014.08.20-12.51.49,save,873,00:14:33,ebee3d_53.blend,C:\Art\Ebee3d\ebee3d_53.blend
2014.08.20-13.13.22,save,1293,00:21:33,ebee3d_53.blend,C:\Art\Ebee3d\ebee3d_53.blend
2014.08.20-13.14.36,save,73,00:01:13,ebee3d_53.blend,C:\Art\Ebee3d\ebee3d_53.blend
2014.08.20-13.41.37,save,1621,00:27:01,ebee3d_53.blend,C:\Art\Ebee3d\ebee3d_53.blend
2014.08.21-12.30.17,save,82119,22:48:39,ebee3d_53.blend,C:\Art\Ebee3d\ebee3d_53.blend
2014.08.21-12.36.12,save,354,00:05:54,ebee3d_53.blend,C:\Art\Ebee3d\ebee3d_53.blend
2014.08.21-15.38.35,save,10942,03:02:22,ebee3d_53.blend,C:\Art\Ebee3d\ebee3d_53.blend
2014.08.21-15.50.15,load,0,00:00:00,,
2014.08.21-15.50.24,load,9,00:00:09,ebee3d_53.blend,C:\Art\Ebee3d\ebee3d_53.blend
2014.08.21-15.52.47,save,142,00:02:22,ebee3d_54.blend,C:\Art\Ebee3d\ebee3d_54.blend
2014.08.21-15.54.23,save,95,00:01:35,ebee3d_54.blend,C:\Art\Ebee3d\ebee3d_54.blend
2014.08.21-18.57.17,save,10973,03:02:53,ebee3d_54.blend,C:\Art\Ebee3d\ebee3d_54.blend
2014.08.21-19.13.40,load,983,00:16:23,ebee3d_54.blend,C:\Art\Ebee3d\ebee3d_54.blend
2014.08.22-14.40.27,load,70007,19:26:47,ebee3d_54.blend,C:\Art\Ebee3d\ebee3d_54.blend
2014.08.22-15.01.35,save,1268,00:21:08,ebee3d_55.blend,C:\Art\Ebee3d\ebee3d_55.blend
2014.08.22-15.11.50,load,0,00:00:00,,
2014.08.22-15.14.28,save,772,00:12:52,ebee3d_55.blend,C:\Art\Ebee3d\ebee3d_55.blend
2014.08.22-15.41.09,save,1601,00:26:41,ebee3d_55.blend,C:\Art\Ebee3d\ebee3d_55.blend
2014.08.22-15.53.48,save,758,00:12:38,ebee3d_55.blend,C:\Art\Ebee3d\ebee3d_55.blend
2014.08.22-16.45.51,save,3123,00:52:03,ebee3d_55.blend,C:\Art\Ebee3d\ebee3d_55.blend
2014.08.22-17.09.13,save,1401,00:23:21,ebee3d_55.blend,C:\Art\Ebee3d\ebee3d_55.blend
2014.08.22-18.23.21,save,4448,01:14:08,ebee3d_56.blend,C:\Art\Ebee3d\ebee3d_56.blend
2014.08.22-18.48.16,save,1495,00:24:55,ebee3d_56.blend,C:\Art\Ebee3d\ebee3d_56.blend
2014.08.22-18.59.00,save,643,00:10:43,ebee3d_56.blend,C:\Art\Ebee3d\ebee3d_56.blend
2014.08.22-19.17.06,save,1085,00:18:05,ebee3d_56.blend,C:\Art\Ebee3d\ebee3d_56.blend
2014.08.22-19.20.29,save,202,00:03:22,ebee3d_56.blend,C:\Art\Ebee3d\ebee3d_56.blend
2014.08.22-19.22.24,save,114,00:01:54,ebee3d_56.blend,C:\Art\Ebee3d\ebee3d_56.blend
2014.08.22-19.23.50,save,86,00:01:26,ebee3d_56.blend,C:\Art\Ebee3d\ebee3d_56.blend
2014.08.22-19.30.28,save,398,00:06:38,ebee3d_56.blend,C:\Art\Ebee3d\ebee3d_56.blend
2014.08.23-10.23.45,load,0,00:00:00,,
2014.08.23-10.25.47,load,121,00:02:01,,
2014.08.23-10.27.42,load,115,00:01:55,,
2014.08.23-10.28.33,load,50,00:00:50,,
2014.08.23-10.30.43,load,130,00:02:10,,
2014.08.23-10.31.02,load,18,00:00:18,,
2014.08.23-10.31.11,load,0,00:00:00,,
2014.08.23-10.35.06,load,0,00:00:00,,
2014.08.23-10.35.32,load,0,00:00:00,,
2014.08.23-10.38.11,load,159,00:02:39,,
2014.08.25-10.54.34,load,0,00:00:00,,
2014.08.25-10.54.42,load,7,00:00:07,ebee3d_56.blend,C:\Art\Ebee3d\ebee3d_56.blend
2014.08.25-11.42.10,save,2847,00:47:27,ebee3d_56.blend,C:\Art\Ebee3d\ebee3d_56.blend
2014.08.25-11.50.20,save,490,00:08:10,ebee3d_56.blend,C:\Art\Ebee3d\ebee3d_56.blend
2014.08.25-11.51.30,save,69,00:01:09,ebee3d_56.blend,C:\Art\Ebee3d\ebee3d_56.blend
2014.08.25-13.24.18,save,5568,01:32:48,ebee3d_56.blend,C:\Art\Ebee3d\ebee3d_56.blend
2014.08.25-21.30.26,save,29167,08:06:07,ebee3d_57.blend,C:\Art\Ebee3d\ebee3d_57.blend
2014.08.25-23.37.54,load,0,00:00:00,,
2014.08.25-23.45.59,load,0,00:00:00,,
2014.08.26-16.17.58,load,59519,16:31:59,,
2014.08.26-16.18.08,load,9,00:00:09,ebee3d_57.blend,C:\Art\Ebee3d\ebee3d_57.blend
2014.08.27-22.36.18,load,0,00:00:00,,
2014.08.28-10.42.34,load,43576,12:06:16,,
2014.08.28-10.42.37,load,2,00:00:02,ebee3d_57.blend,C:\Art\Ebee3d\ebee3d_57.blend
2014.08.28-20.19.46,save,34628,09:37:08,ebee3d_58.blend,C:\Art\Ebee3d\ebee3d_58.blend
2014.08.28-21.19.12,load,0,00:00:00,,
2014.08.28-21.19.13,load,1,00:00:01,mc1_1.blend,C:\Art\Biomecha Game\Mc1\mc1_1.blend
2014.09.01-12.30.34,load,0,00:00:00,,
2014.09.01-16.46.09,load,15335,04:15:35,ebee3d_58.blend,C:\Art\Ebee3d\ebee3d_58.blend
2014.09.01-18.41.18,save,6908,01:55:08,ebee3d_59.blend,C:\Art\Ebee3d\ebee3d_59.blend
2014.09.01-18.42.23,save,64,00:01:04,ebee3d_59.blend,C:\Art\Ebee3d\ebee3d_59.blend
2014.09.01-18.45.04,save,160,00:02:40,ebee3d_59.blend,C:\Art\Ebee3d\ebee3d_59.blend
2014.09.01-18.49.59,save,294,00:04:54,ebee3d_59.blend,C:\Art\Ebee3d\ebee3d_59.blend
2014.09.01-19.00.24,save,625,00:10:25,ebee3d_59.blend,C:\Art\Ebee3d\ebee3d_59.blend
2014.09.01-19.00.48,save,23,00:00:23,ebee3d_59.blend,C:\Art\Ebee3d\ebee3d_59.blend
2014.09.01-19.04.09,save,201,00:03:21,ebee3d_59.blend,C:\Art\Ebee3d\ebee3d_59.blend
2014.09.01-19.04.47,save,38,00:00:38,ebee3d_59.blend,C:\Art\Ebee3d\ebee3d_59.blend
2014.09.01-19.06.20,save,92,00:01:32,ebee3d_59.blend,C:\Art\Ebee3d\ebee3d_59.blend
2014.09.01-19.08.54,save,154,00:02:34,ebee3d_59.blend,C:\Art\Ebee3d\ebee3d_59.blend
2014.09.01-19.11.35,save,161,00:02:41,ebee3d_59.blend,C:\Art\Ebee3d\ebee3d_59.blend
2014.09.01-19.12.57,save,82,00:01:22,ebee3d_59.blend,C:\Art\Ebee3d\ebee3d_59.blend
2014.09.01-19.15.53,save,175,00:02:55,ebee3d_59.blend,C:\Art\Ebee3d\ebee3d_59.blend
2014.09.01-19.17.38,save,104,00:01:44,ebee3d_59.blend,C:\Art\Ebee3d\ebee3d_59.blend
2014.09.01-19.19.51,save,132,00:02:12,ebee3d_59.blend,C:\Art\Ebee3d\ebee3d_59.blend
2014.09.01-19.20.43,save,52,00:00:52,ebee3d_59.blend,C:\Art\Ebee3d\ebee3d_59.blend
2014.09.01-19.26.49,save,365,00:06:05,ebee3d_59.blend,C:\Art\Ebee3d\ebee3d_59.blend
2014.09.01-19.34.29,load,0,00:00:00,,
2014.09.01-19.34.33,load,3,00:00:03,ebee3d_59.blend,C:\Art\Ebee3d\ebee3d_59.blend
2014.09.01-19.35.23,save,50,00:00:50,ebee3d_59.blend,C:\Art\Ebee3d\ebee3d_59.blend
2014.09.01-23.09.09,load,0,00:00:00,,
2014.09.02-10.49.54,load,2,00:00:02,,
2014.09.02-10.50.13,load,19,00:00:19,ebee3d_59.blend,C:\Art\Ebee3d\ebee3d_59.blend
2014.09.02-11.07.10,save,1017,00:16:57,ebee3d_59.blend,C:\Art\Ebee3d\ebee3d_59.blend
2014.09.02-11.10.21,save,191,00:03:11,ebee3d_59.blend,C:\Art\Ebee3d\ebee3d_59.blend
2014.09.02-11.20.22,save,601,00:10:01,ebee3d_60.blend,C:\Art\Ebee3d\ebee3d_60.blend
2014.09.02-11.23.02,save,159,00:02:39,ebee3d_60.blend,C:\Art\Ebee3d\ebee3d_60.blend
2014.09.02-11.32.37,save,575,00:09:35,ebee3d_60.blend,C:\Art\Ebee3d\ebee3d_60.blend
2014.09.02-12.16.28,save,2631,00:43:51,ebee3d_60.blend,C:\Art\Ebee3d\ebee3d_60.blend
2014.09.02-12.16.31,load,2,00:00:02,,
2014.09.02-14.09.37,load,0,00:00:00,,
2014.09.03-15.49.30,load,0,00:00:00,,
2014.09.03-18.01.14,load,0,00:00:00,,
2014.09.04-20.28.24,load,0,00:00:00,,
2014.09.04-20.58.09,load,0,00:00:00,,
2014.09.04-22.01.08,load,3779,01:02:59,,
2014.09.04-22.02.40,load,91,00:01:31,biomecha_99_19.blend,C:\Art\Biomecha Game\biomecha_99_19.blend
2014.09.04-22.15.45,load,785,00:13:05,biomecha_99_19.blend,C:\Art\Biomecha Game\biomecha_99_19.blend
2014.09.04-22.23.42,load,476,00:07:56,biomecha_99_19.blend,C:\Art\Biomecha Game\biomecha_99_19.blend
2014.09.04-22.56.26,load,1964,00:32:44,,
2014.09.04-22.57.08,load,41,00:00:41,biomecha_99_19.blend,C:\Art\Biomecha Game\biomecha_99_19.blend
2014.09.04-23.23.43,load,1595,00:26:35,,
2014.09.04-23.24.41,load,57,00:00:57,junkbot19.blend,C:\Art\JunkBot\JunkBot\junkbot19.blend
2014.09.04-23.32.19,load,458,00:07:38,biomecha04.blend,C:\Art\Biomecha\Biomecha\biomecha04.blend
2014.09.04-23.34.00,load,100,00:01:40,biomecha_cycles5.blend,C:\Art\Biomecha\Biomecha\biomecha_cycles5.blend
2014.09.04-23.44.06,load,606,00:10:06,,
2014.09.04-23.44.26,load,20,00:00:20,darkout_hardsurface_05.blend,C:\Art\Darkout\darkout_hardsurface_05.blend
2014.09.04-23.46.06,load,99,00:01:39,junkbot19.blend,C:\Art\JunkBot\JunkBot\junkbot19.blend
2014.09.04-23.53.09,load,0,00:00:00,,
2014.09.04-23.53.12,load,3,00:00:03,junkbot19.blend,C:\Art\JunkBot\JunkBot\junkbot19.blend
2014.09.08-10.45.22,load,0,00:00:00,,
2014.09.08-20.46.03,load,36041,10:00:41,,
2014.09.09-14.19.57,load,0,00:00:00,,
2014.09.09-15.14.18,save,3260,00:54:20,recording_setup_01.blend,C:\Art\Recording Setup\recording_setup_01.blend
2014.09.09-15.21.14,save,415,00:06:55,recording_setup_01.blend,C:\Art\Recording Setup\recording_setup_01.blend
2014.09.09-15.50.27,save,1753,00:29:13,recording_setup_01.blend,C:\Art\Recording Setup\recording_setup_01.blend
2014.09.09-16.01.55,save,688,00:11:28,recording_setup_01.blend,C:\Art\Recording Setup\recording_setup_01.blend
2014.09.09-16.02.14,save,18,00:00:18,monster_01.blend,C:\Art\Biomecha Game\Monster\monster_01.blend
2014.09.09-18.42.12,save,9597,02:39:57,monster_01.blend,C:\Art\Biomecha Game\Monster\monster_01.blend
2014.09.09-18.52.56,save,643,00:10:43,monster_01.blend,C:\Art\Biomecha Game\Monster\monster_01.blend
2014.09.09-19.13.34,save,1238,00:20:38,monster_01.blend,C:\Art\Biomecha Game\Monster\monster_01.blend
2014.09.09-19.15.13,save,98,00:01:38,monster_01.blend,C:\Art\Biomecha Game\Monster\monster_01.blend
2014.09.09-20.08.48,save,3215,00:53:35,monster_01.blend,C:\Art\Biomecha Game\Monster\monster_01.blend
2014.09.09-21.11.07,load,0,00:00:00,,
2014.09.09-21.11.24,load,17,00:00:17,monster_01.blend,C:\Art\Biomecha Game\Monster\monster_01.blend
2014.09.09-21.12.18,save,53,00:00:53,monster_01.blend,C:\Art\Biomecha Game\Monster\monster_01.blend
2014.09.09-23.43.06,load,0,00:00:00,,
2014.09.09-23.43.43,load,37,00:00:37,monster_01.blend,C:\Art\Biomecha Game\Monster\monster_01.blend
2014.09.09-23.53.24,save,581,00:09:41,monster_02.blend,C:\Art\Biomecha Game\Monster\monster_02.blend
2014.09.10-00.09.20,save,955,00:15:55,monster_02.blend,C:\Art\Biomecha Game\Monster\monster_02.blend
2014.09.10-00.15.41,save,381,00:06:21,monster_02.blend,C:\Art\Biomecha Game\Monster\monster_02.blend
2014.09.10-00.17.39,save,117,00:01:57,monster_02.blend,C:\Art\Biomecha Game\Monster\monster_02.blend
2014.09.10-00.26.17,save,517,00:08:37,monster_02.blend,C:\Art\Biomecha Game\Monster\monster_02.blend
2014.09.10-00.26.41,load,24,00:00:24,monster_02.blend,C:\Art\Biomecha Game\Monster\monster_02.blend
2014.09.10-00.29.24,load,162,00:02:42,monster_02.blend,C:\Art\Biomecha Game\Monster\monster_02.blend
2014.09.10-00.53.14,save,1429,00:23:49,monster_03.blend,C:\Art\Biomecha Game\Monster\monster_03.blend
2014.09.10-01.06.48,save,813,00:13:33,monster_04.blend,C:\Art\Biomecha Game\Monster\monster_04.blend
2014.09.10-01.56.52,save,3003,00:50:03,monster_04.blend,C:\Art\Biomecha Game\Monster\monster_04.blend
2014.09.10-14.24.27,save,44855,12:27:35,monster_05.blend,C:\Art\Biomecha Game\Monster\monster_05.blend
2014.09.10-14.25.33,save,65,00:01:05,monster_05.blend,C:\Art\Biomecha Game\Monster\monster_05.blend
2014.09.10-14.36.25,save,651,00:10:51,monster_05.blend,C:\Art\Biomecha Game\Monster\monster_05.blend
2014.09.10-14.41.09,save,284,00:04:44,monster_05.blend,C:\Art\Biomecha Game\Monster\monster_05.blend
2014.09.10-14.42.01,save,51,00:00:51,monster_05.blend,C:\Art\Biomecha Game\Monster\monster_05.blend
2014.09.10-16.06.57,save,5096,01:24:56,monster_05.blend,C:\Art\Biomecha Game\Monster\monster_05.blend
2014.09.10-19.51.37,save,13479,03:44:39,monster_05.blend,C:\Art\Biomecha Game\Monster\monster_05.blend
2014.09.10-20.04.53,save,795,00:13:15,monster_05.blend,C:\Art\Biomecha Game\Monster\monster_05.blend
2014.09.10-20.08.16,save,203,00:03:23,monster_05.blend,C:\Art\Biomecha Game\Monster\monster_05.blend
2014.09.10-20.08.20,save,4,00:00:04,monster_06.blend,C:\Art\Biomecha Game\Monster\monster_06.blend
2014.09.10-21.20.21,save,4320,01:12:00,monster_06.blend,C:\Art\Biomecha Game\Monster\monster_06.blend
2014.09.10-23.00.54,save,6033,01:40:33,monster_07.blend,C:\Art\Biomecha Game\Monster\monster_07.blend
2014.09.10-23.25.15,save,1460,00:24:20,monster_07.blend,C:\Art\Biomecha Game\Monster\monster_07.blend
2014.09.11-15.02.25,load,56230,15:37:10,ebee3d_60.blend,C:\Art\Ebee3d\ebee3d_60.blend
2014.09.11-15.20.10,save,1064,00:17:44,ebee3d_61.blend,C:\Art\Ebee3d\ebee3d_61.blend
2014.09.11-15.30.29,save,618,00:10:18,ebee3d_61.blend,C:\Art\Ebee3d\ebee3d_61.blend
2014.09.12-15.23.56,load,0,00:00:00,,
2014.09.12-15.24.09,load,13,00:00:13,ebee3d_61.blend,C:\Art\Ebee3d\ebee3d_61.blend
2014.09.12-15.32.13,save,483,00:08:03,ebee3d_62.blend,C:\Art\Ebee3d\ebee3d_62.blend
2014.09.12-15.44.38,save,745,00:12:25,ebee3d_62.blend,C:\Art\Ebee3d\ebee3d_62.blend
2014.09.12-20.51.49,load,0,00:00:00,,
2014.09.12-20.52.23,load,34,00:00:34,monster_07.blend,C:\Art\Biomecha Game\Monster\monster_07.blend
2014.09.14-16.54.30,load,2,00:00:02,,
2014.09.14-16.58.56,load,266,00:04:26,monster_07.blend,C:\Art\Biomecha Game\Monster\monster_07.blend
2014.09.14-17.54.31,load,3335,00:55:35,biomechahighpolydecimated1.blend,C:\Art\Biomecha\Biomecha\biomechahighpolydecimated1.blend
2014.09.14-22.59.58,load,18326,05:05:26,,
2014.09.14-23.01.21,load,83,00:01:23,biomechahighpolydecimated1.blend,C:\Art\Biomecha\Biomecha\biomechahighpolydecimated1.blend
2014.09.15-01.58.18,load,10617,02:56:57,,
2014.09.16-13.36.13,load,41874,11:37:54,monster_07.blend,C:\Art\Biomecha Game\Monster\monster_07.blend
2014.09.16-18.20.24,load,17051,04:44:11,,
2014.09.16-18.21.21,load,56,00:00:56,,
2014.09.16-18.32.08,load,647,00:10:47,monster_07.blend,C:\Art\Biomecha Game\Monster\monster_07.blend
2014.09.17-12.52.16,load,0,00:00:00,,
2014.09.17-13.37.32,load,2716,00:45:16,monster_07.blend,C:\Art\Biomecha Game\Monster\monster_07.blend
2014.09.17-15.43.08,load,0,00:00:00,,
2014.09.17-15.43.34,load,25,00:00:25,monster_07.blend,C:\Art\Biomecha Game\Monster\monster_07.blend
2014.09.17-15.47.16,load,222,00:03:42,monster_07.blend,C:\Art\Biomecha Game\Monster\monster_07.blend
2014.09.18-00.42.09,load,32093,08:54:53,monster_07.blend,C:\Art\Biomecha Game\Monster\monster_07.blend
2014.09.18-16.43.45,load,57695,16:01:35,,
2014.09.18-16.43.52,load,7,00:00:07,monster_07.blend,C:\Art\Biomecha Game\Monster\monster_07.blend
2014.09.18-18.20.44,save,5811,01:36:51,monster_08.blend,C:\Art\Biomecha Game\Monster\monster_08.blend
2014.09.19-13.17.26,load,0,00:00:00,,
2014.09.19-15.00.04,load,6157,01:42:37,monster_08.blend,C:\Art\Biomecha Game\Monster\monster_08.blend
2014.09.19-15.39.58,save,2394,00:39:54,monster_09.blend,C:\Art\Biomecha Game\Monster\monster_09.blend
2014.09.19-15.53.04,save,785,00:13:05,monster_09.blend,C:\Art\Biomecha Game\Monster\monster_09.blend
2014.09.19-16.04.41,save,697,00:11:37,monster_09.blend,C:\Art\Biomecha Game\Monster\monster_09.blend
2014.09.19-16.11.37,save,415,00:06:55,monster_09.blend,C:\Art\Biomecha Game\Monster\monster_09.blend
2014.09.22-11.51.36,load,0,00:00:00,,
2014.09.22-12.25.06,load,2009,00:33:29,,
2014.09.22-17.02.36,load,0,00:00:00,,
2014.09.22-17.38.49,load,2172,00:36:12,ebee3d_62.blend,C:\Art\Ebee3d\ebee3d_62.blend
2014.09.22-19.04.39,save,5150,01:25:50,ebee3d_63.blend,C:\Art\Ebee3d\ebee3d_63.blend
2014.09.22-19.28.59,save,1459,00:24:19,ebee3d_63.blend,C:\Art\Ebee3d\ebee3d_63.blend
2014.09.22-19.30.20,save,81,00:01:21,ebee3d_63.blend,C:\Art\Ebee3d\ebee3d_63.blend
2014.09.22-19.32.03,save,102,00:01:42,ebee3d_63.blend,C:\Art\Ebee3d\ebee3d_63.blend
2014.09.22-19.34.30,save,147,00:02:27,ebee3d_63.blend,C:\Art\Ebee3d\ebee3d_63.blend
2014.09.22-19.35.06,save,35,00:00:35,ebee3d_63.blend,C:\Art\Ebee3d\ebee3d_63.blend
2014.09.22-19.41.13,save,367,00:06:07,ebee3d_63.blend,C:\Art\Ebee3d\ebee3d_63.blend
2014.09.23-09.53.54,save,51161,14:12:41,ebee3d_63.blend,C:\Art\Ebee3d\ebee3d_63.blend
2014.09.23-09.53.59,load,4,00:00:04,ebee3d_63.blend,C:\Art\Ebee3d\ebee3d_63.blend
2014.09.23-09.54.05,load,6,00:00:06,monster_09.blend,C:\Art\Biomecha Game\Monster\monster_09.blend
2014.09.23-11.22.38,load,0,00:00:00,,
2014.09.23-11.24.06,load,87,00:01:27,monster_09.blend,C:\Art\Biomecha Game\Monster\monster_09.blend
2014.09.23-11.49.11,save,1505,00:25:05,monster_10.blend,C:\Art\Biomecha Game\Monster\monster_10.blend
2014.09.23-11.52.39,save,207,00:03:27,monster_10.blend,C:\Art\Biomecha Game\Monster\monster_10.blend
2014.09.23-12.28.18,save,2139,00:35:39,monster_10.blend,C:\Art\Biomecha Game\Monster\monster_10.blend
2014.09.23-12.39.17,save,658,00:10:58,monster_10.blend,C:\Art\Biomecha Game\Monster\monster_10.blend
2014.09.23-13.03.09,save,1432,00:23:52,monster_10.blend,C:\Art\Biomecha Game\Monster\monster_10.blend
2014.09.23-13.39.32,save,2183,00:36:23,monster_11.blend,C:\Art\Biomecha Game\Monster\monster_11.blend
2014.09.23-13.42.49,save,196,00:03:16,monster_11.blend,C:\Art\Biomecha Game\Monster\monster_11.blend
2014.09.23-15.24.28,save,6098,01:41:38,monster_11.blend,C:\Art\Biomecha Game\Monster\monster_11.blend
2014.09.23-15.33.35,save,547,00:09:07,monster_11.blend,C:\Art\Biomecha Game\Monster\monster_11.blend
2014.09.23-15.46.30,save,775,00:12:55,monster_11.blend,C:\Art\Biomecha Game\Monster\monster_11.blend
2014.09.23-15.51.37,save,306,00:05:06,monster_11.blend,C:\Art\Biomecha Game\Monster\monster_11.blend
2014.09.23-17.17.01,save,5123,01:25:23,monster_11.blend,C:\Art\Biomecha Game\Monster\monster_11.blend
2014.09.23-17.34.15,save,1033,00:17:13,monster_11.blend,C:\Art\Biomecha Game\Monster\monster_11.blend
2014.09.23-17.47.24,save,788,00:13:08,monster_11.blend,C:\Art\Biomecha Game\Monster\monster_11.blend
2014.09.23-17.50.10,save,166,00:02:46,monster_11.blend,C:\Art\Biomecha Game\Monster\monster_11.blend
2014.09.23-18.25.07,save,2096,00:34:56,monster_11.blend,C:\Art\Biomecha Game\Monster\monster_11.blend
2014.09.23-18.35.13,save,606,00:10:06,monster_11.blend,C:\Art\Biomecha Game\Monster\monster_11.blend
2014.09.23-18.59.05,save,1432,00:23:52,monster_11.blend,C:\Art\Biomecha Game\Monster\monster_11.blend
2014.09.23-19.01.52,save,166,00:02:46,monster_11.blend,C:\Art\Biomecha Game\Monster\monster_11.blend
2014.09.23-19.09.05,save,433,00:07:13,monster_11.blend,C:\Art\Biomecha Game\Monster\monster_11.blend
2014.09.23-21.00.49,save,6703,01:51:43,monster_12.blend,C:\Art\Biomecha Game\Monster\monster_12.blend
2014.09.23-21.33.57,save,1987,00:33:07,monster_13.blend,C:\Art\Biomecha Game\Monster\monster_13.blend
2014.09.23-21.53.14,save,1157,00:19:17,monster_13.blend,C:\Art\Biomecha Game\Monster\monster_13.blend
2014.09.23-21.58.34,save,319,00:05:19,monster_13.blend,C:\Art\Biomecha Game\Monster\monster_13.blend
2014.09.24-15.36.42,load,0,00:00:00,,
2014.09.24-15.37.28,load,45,00:00:45,ebee3d_63.blend,C:\Art\Ebee3d\ebee3d_63.blend
2014.09.24-15.52.17,save,888,00:14:48,ebee3d_64.blend,C:\Art\Ebee3d\ebee3d_64.blend
2014.09.24-15.57.19,save,302,00:05:02,ebee3d_64.blend,C:\Art\Ebee3d\ebee3d_64.blend
2014.09.24-16.28.42,save,1882,00:31:22,ebee3d_64.blend,C:\Art\Ebee3d\ebee3d_64.blend
2014.09.25-11.05.41,load,0,00:00:00,,
2014.09.25-11.29.22,load,1420,00:23:40,ebee3d_64.blend,C:\Art\Ebee3d\ebee3d_64.blend
2014.09.25-11.43.56,save,873,00:14:33,ebee3d_64.blend,C:\Art\Ebee3d\ebee3d_64.blend
2014.09.29-09.32.36,load,0,00:00:00,,
2014.09.29-09.32.39,load,3,00:00:03,ebee3d_64.blend,C:\Art\Ebee3d\ebee3d_64.blend
2014.09.29-10.13.58,save,2478,00:41:18,ebee3d_65.blend,C:\Art\Ebee3d\ebee3d_65.blend
2014.09.29-10.53.45,save,2387,00:39:47,ebee3d_65.blend,C:\Art\Ebee3d\ebee3d_65.blend
2014.10.02-16.56.29,load,0,00:00:00,,
2014.10.03-09.59.21,load,61371,17:02:51,ebee3d_65.blend,C:\Art\Ebee3d\ebee3d_65.blend
2014.10.03-10.06.51,save,450,00:07:30,ebee3d_66.blend,C:\Art\Ebee3d\ebee3d_66.blend
2014.10.03-10.43.31,save,2199,00:36:39,ebee3d_66.blend,C:\Art\Ebee3d\ebee3d_66.blend
2014.10.03-12.45.39,save,7327,02:02:07,ebee3d_66.blend,C:\Art\Ebee3d\ebee3d_66.blend
2014.10.03-12.58.38,load,0,00:00:00,,
2014.10.03-12.59.15,load,37,00:00:37,ebee3d_66.blend,C:\Art\Ebee3d\ebee3d_66.blend
2014.10.03-16.47.16,load,0,00:00:00,,
2014.10.03-19.11.33,save,22338,06:12:18,ebee3d_66.blend,C:\Art\Ebee3d\ebee3d_66.blend
2014.10.05-12.32.08,load,0,00:00:00,,
2014.10.05-12.35.17,save,188,00:03:08,monster_mid_01.blend,C:\Art\Biomecha Game\Monster\monster_mid_01.blend
2014.10.05-12.36.11,save,54,00:00:54,monster_mid_01.blend,C:\Art\Biomecha Game\Monster\monster_mid_01.blend
2014.10.05-12.36.14,load,3,00:00:03,,
2014.10.05-12.37.55,load,100,00:01:40,monster_mid_01.blend,C:\Art\Biomecha Game\Monster\monster_mid_01.blend
2014.10.05-14.29.13,save,6677,01:51:17,monster_mid_02.blend,C:\Art\Biomecha Game\Monster\monster_mid_02.blend
2014.10.06-09.34.56,load,68743,19:05:43,ebee3d_66.blend,C:\Art\Ebee3d\ebee3d_66.blend
2014.10.06-09.58.08,save,1391,00:23:11,ebee3d_67.blend,C:\Art\Ebee3d\ebee3d_67.blend
2014.10.06-10.51.16,save,3188,00:53:08,ebee3d_67.blend,C:\Art\Ebee3d\ebee3d_67.blend
2014.10.06-11.17.11,save,1554,00:25:54,ebee3d_67.blend,C:\Art\Ebee3d\ebee3d_67.blend
2014.10.06-11.37.51,save,1239,00:20:39,ebee3d_67.blend,C:\Art\Ebee3d\ebee3d_67.blend
2014.10.06-11.51.16,save,804,00:13:24,ebee3d_67.blend,C:\Art\Ebee3d\ebee3d_67.blend
2014.10.06-12.41.23,save,3006,00:50:06,ebee3d_67.blend,C:\Art\Ebee3d\ebee3d_67.blend
2014.10.06-15.39.42,load,10699,02:58:19,monster_mid_02.blend,C:\Art\Biomecha Game\Monster\monster_mid_02.blend
2014.10.07-22.00.31,load,0,00:00:00,,
2014.10.07-22.00.48,load,17,00:00:17,monster_mid_02.blend,C:\Art\Biomecha Game\Monster\monster_mid_02.blend
2014.10.07-22.30.55,load,1807,00:30:07,monster_mid_02.blend,C:\Art\Biomecha Game\Monster\monster_mid_02.blend
2014.10.07-22.46.57,save,961,00:16:01,monster_mid_03.blend,C:\Art\Biomecha Game\Monster\monster_mid_03.blend
2014.10.07-22.59.30,save,752,00:12:32,monster_mid_03.blend,C:\Art\Biomecha Game\Monster\monster_mid_03.blend
2014.10.07-23.03.57,save,267,00:04:27,monster_mid_03.blend,C:\Art\Biomecha Game\Monster\monster_mid_03.blend
2014.10.07-23.06.00,save,123,00:02:03,monster_mid_04.blend,C:\Art\Biomecha Game\Monster\monster_mid_04.blend
2014.10.07-23.07.31,save,90,00:01:30,monster_mid_04.blend,C:\Art\Biomecha Game\Monster\monster_mid_04.blend
2014.10.08-11.29.10,load,44499,12:21:39,ebee3d_67.blend,C:\Art\Ebee3d\ebee3d_67.blend
2014.10.08-11.49.45,save,1235,00:20:35,ebee3d_67.blend,C:\Art\Ebee3d\ebee3d_67.blend
2014.10.08-12.19.07,save,1761,00:29:21,ebee3d_67.blend,C:\Art\Ebee3d\ebee3d_67.blend
2014.10.08-13.41.46,load,0,00:00:00,,
2014.10.08-13.41.55,load,9,00:00:09,ebee3d_67.blend,C:\Art\Ebee3d\ebee3d_67.blend
2014.10.08-13.43.36,save,100,00:01:40,ebee3d_68.blend,C:\Art\Ebee3d\ebee3d_68.blend
2014.10.08-13.45.07,save,91,00:01:31,ebee3d_68.blend,C:\Art\Ebee3d\ebee3d_68.blend
2014.10.08-13.47.39,save,151,00:02:31,ebee3d_68.blend,C:\Art\Ebee3d\ebee3d_68.blend
2014.10.08-14.06.08,save,1109,00:18:29,ebee3d_68.blend,C:\Art\Ebee3d\ebee3d_68.blend
2014.10.08-14.20.05,save,836,00:13:56,ebee3d_68.blend,C:\Art\Ebee3d\ebee3d_68.blend
2014.10.08-14.41.16,save,1270,00:21:10,ebee3d_68.blend,C:\Art\Ebee3d\ebee3d_68.blend
2014.10.09-14.08.35,load,0,00:00:00,,
2014.10.09-14.10.48,load,133,00:02:13,ebee3d_68.blend,C:\Art\Ebee3d\ebee3d_68.blend
2014.10.09-15.56.54,load,0,00:00:00,,
2014.10.09-15.57.01,load,6,00:00:06,ebee3d_68.blend,C:\Art\Ebee3d\ebee3d_68.blend
2014.10.09-16.29.58,save,1977,00:32:57,ebee3d_69.blend,C:\Art\Ebee3d\ebee3d_69.blend
2014.10.09-16.33.26,save,207,00:03:27,ebee3d_69.blend,C:\Art\Ebee3d\ebee3d_69.blend
2014.10.09-16.34.07,save,40,00:00:40,ebee3d_69.blend,C:\Art\Ebee3d\ebee3d_69.blend
2014.10.09-16.34.18,load,0,00:00:00,,
2014.10.09-16.34.35,load,16,00:00:16,ebee3d_69.blend,C:\Art\Ebee3d\ebee3d_69.blend
2014.10.09-16.39.28,save,293,00:04:53,ebee3d_69.blend,C:\Art\Ebee3d\ebee3d_69.blend
2014.10.09-16.41.04,save,95,00:01:35,ebee3d_69.blend,C:\Art\Ebee3d\ebee3d_69.blend
2014.10.09-16.42.09,save,65,00:01:05,ebee3d_69.blend,C:\Art\Ebee3d\ebee3d_69.blend
2014.10.09-17.11.33,load,0,00:00:00,,
2014.10.09-17.11.37,load,3,00:00:03,ebee3d_69.blend,C:\Art\Ebee3d\ebee3d_69.blend
2014.10.09-17.13.04,save,86,00:01:26,ebee3d_69.blend,C:\Art\Ebee3d\ebee3d_69.blend
2014.10.09-17.35.06,load,0,00:00:00,,
2014.10.09-17.35.08,load,2,00:00:02,ebee3d_69.blend,C:\Art\Ebee3d\ebee3d_69.blend
2014.10.09-18.03.12,save,1683,00:28:03,ebee3d_69.blend,C:\Art\Ebee3d\ebee3d_69.blend
2014.10.10-11.07.55,load,0,00:00:00,,
2014.10.10-11.08.01,load,6,00:00:06,ebee3d_69.blend,C:\Art\Ebee3d\ebee3d_69.blend
2014.10.10-11.26.13,save,1091,00:18:11,ebee3d_69.blend,C:\Art\Ebee3d\ebee3d_69.blend
2014.10.10-11.48.05,save,1311,00:21:51,ebee3d_70.blend,C:\Art\Ebee3d\ebee3d_70.blend
2014.10.10-11.59.27,save,682,00:11:22,ebee3d_70.blend,C:\Art\Ebee3d\ebee3d_70.blend
2014.10.10-12.49.26,save,2999,00:49:59,ebee3d_70.blend,C:\Art\Ebee3d\ebee3d_70.blend
2014.10.10-13.02.18,save,771,00:12:51,ebee3d_70.blend,C:\Art\Ebee3d\ebee3d_70.blend
2014.10.10-13.02.50,save,31,00:00:31,ebee3d_70.blend,C:\Art\Ebee3d\ebee3d_70.blend
2014.10.10-13.12.25,save,574,00:09:34,ebee3d_70.blend,C:\Art\Ebee3d\ebee3d_70.blend
2014.10.11-19.47.46,save,23721,06:35:21,ebee3d_70.blend,C:\Art\Ebee3d\ebee3d_70.blend
2014.10.11-20.19.17,load,0,00:00:00,,
2014.10.11-20.21.18,load,0,00:00:00,,
2014.10.11-20.26.10,load,0,00:00:00,,
2014.10.11-20.26.25,load,14,00:00:14,ebee3d_70.blend,C:\Art\Ebee3d\ebee3d_70.blend
2014.10.11-20.26.33,load,8,00:00:08,,
2014.10.11-20.28.28,load,0,00:00:00,,
2014.10.11-20.28.34,load,6,00:00:06,,
2014.10.11-20.30.02,load,0,00:00:00,,
2014.10.11-20.34.38,load,0,00:00:00,,
2014.10.11-20.45.37,load,658,00:10:58,,
2014.10.11-21.28.33,load,0,00:00:00,,
2014.10.11-21.28.48,load,0,00:00:00,,
2014.10.11-21.29.10,load,0,00:00:00,,
2014.10.11-22.28.17,load,3546,00:59:06,monster_mid_04.blend,C:\Art\Biomecha Game\Monster\monster_mid_04.blend
2014.10.11-22.50.27,save,1329,00:22:09,monster_mid_05.blend,C:\Art\Biomecha Game\Monster\monster_mid_05.blend
2014.10.11-22.50.31,load,4,00:00:04,,
2014.10.11-22.52.11,load,99,00:01:39,monster_mid_05.blend,C:\Art\Biomecha Game\Monster\monster_mid_05.blend
2014.10.11-23.56.36,save,3864,01:04:24,monster_mid_05.blend,C:\Art\Biomecha Game\Monster\monster_mid_05.blend
2014.10.11-23.59.46,save,190,00:03:10,monster_mid_05.blend,C:\Art\Biomecha Game\Monster\monster_mid_05.blend
2014.10.12-00.03.08,save,201,00:03:21,monster_mid_05.blend,C:\Art\Biomecha Game\Monster\monster_mid_05.blend
2014.10.12-00.09.48,load,0,00:00:00,,
2014.10.12-00.10.02,load,13,00:00:13,monster_mid_05.blend,C:\Art\Biomecha Game\Monster\monster_mid_05.blend
2014.10.12-00.31.57,save,1315,00:21:55,monster_mid_05.blend,C:\Art\Biomecha Game\Monster\monster_mid_05.blend
2014.10.12-00.42.35,save,638,00:10:38,monster_mid_05.blend,C:\Art\Biomecha Game\Monster\monster_mid_05.blend
2014.10.12-10.14.41,load,1,00:00:01,,
2014.10.12-10.15.17,load,36,00:00:36,monster_mid_05.blend,C:\Art\Biomecha Game\Monster\monster_mid_05.blend
2014.10.12-11.06.24,save,3066,00:51:06,monster_mid_05.blend,C:\Art\Biomecha Game\Monster\monster_mid_05.blend
2014.10.12-11.06.27,load,2,00:00:02,,
2014.10.12-11.07.15,load,48,00:00:48,monster_mid_05.blend,C:\Art\Biomecha Game\Monster\monster_mid_05.blend
2014.10.12-11.10.04,save,168,00:02:48,monster_mid_06.blend,C:\Art\Biomecha Game\Monster\monster_mid_06.blend
2014.10.12-11.24.42,save,878,00:14:38,monster_mid_06.blend,C:\Art\Biomecha Game\Monster\monster_mid_06.blend
2014.10.12-13.16.39,save,6716,01:51:56,monster_mid_06.blend,C:\Art\Biomecha Game\Monster\monster_mid_06.blend
2014.10.12-13.37.32,save,1253,00:20:53,monster_mid_06.blend,C:\Art\Biomecha Game\Monster\monster_mid_06.blend
2014.10.12-15.24.15,load,0,00:00:00,,
2014.10.12-15.24.24,load,9,00:00:09,monster_mid_06.blend,C:\Art\Biomecha Game\Monster\monster_mid_06.blend
2014.10.12-22.05.53,save,24088,06:41:28,monster_mid_06.blend,C:\Art\Biomecha Game\Monster\monster_mid_06.blend
2014.10.13-13.56.20,load,0,00:00:00,,
2014.10.13-13.56.52,load,31,00:00:31,ebee3d_70.blend,C:\Art\Ebee3d\ebee3d_70.blend
2014.10.13-15.00.01,save,3788,01:03:08,ebee3d_70.blend,C:\Art\Ebee3d\ebee3d_70.blend
2014.10.13-15.13.03,save,782,00:13:02,ebee3d_70.blend,C:\Art\Ebee3d\ebee3d_70.blend
2014.10.13-15.53.53,save,2450,00:40:50,ebee3d_70.blend,C:\Art\Ebee3d\ebee3d_70.blend
2014.10.14-18.35.45,load,0,00:00:00,,
2014.10.14-20.59.32,load,0,00:00:00,,
2014.10.15-11.00.28,load,0,00:00:00,,
2014.10.15-11.00.34,load,6,00:00:06,ebee3d_70.blend,C:\Art\Ebee3d\ebee3d_70.blend
2014.10.15-14.57.08,save,14193,03:56:33,ebee3d_71.blend,C:\Art\Ebee3d\ebee3d_71.blend
2014.10.15-14.58.19,save,70,00:01:10,ebee3d_71.blend,C:\Art\Ebee3d\ebee3d_71.blend
2014.10.15-16.09.15,save,4255,01:10:55,ebee3d_71.blend,C:\Art\Ebee3d\ebee3d_71.blend
2014.10.15-16.11.31,save,136,00:02:16,ebee3d_71.blend,C:\Art\Ebee3d\ebee3d_71.blend
2014.10.15-16.13.54,save,142,00:02:22,ebee3d_71.blend,C:\Art\Ebee3d\ebee3d_71.blend
2014.10.15-16.19.21,save,327,00:05:27,ebee3d_71.blend,C:\Art\Ebee3d\ebee3d_71.blend
2014.10.15-16.21.09,save,107,00:01:47,ebee3d_71.blend,C:\Art\Ebee3d\ebee3d_71.blend
2014.10.15-17.37.22,save,4573,01:16:13,ebee3d_71.blend,C:\Art\Ebee3d\ebee3d_71.blend
2014.10.15-17.51.26,save,843,00:14:03,ebee3d_71.blend,C:\Art\Ebee3d\ebee3d_71.blend
2014.10.15-18.08.21,save,1015,00:16:55,ebee3d_71.blend,C:\Art\Ebee3d\ebee3d_71.blend
2014.10.15-18.59.33,load,0,00:00:00,,
2014.10.15-18.59.40,load,7,00:00:07,monster_mid_06.blend,C:\Art\Biomecha Game\Monster\monster_mid_06.blend
2014.10.15-19.03.32,save,231,00:03:51,monster_mid_07.blend,C:\Art\Biomecha Game\Monster\monster_mid_07.blend
2014.10.15-19.05.25,save,112,00:01:52,monster_mid_07.blend,C:\Art\Biomecha Game\Monster\monster_mid_07.blend
2014.10.15-19.06.49,save,84,00:01:24,monster_mid_07.blend,C:\Art\Biomecha Game\Monster\monster_mid_07.blend
2014.10.15-19.50.14,save,2605,00:43:25,monster_mid_07.blend,C:\Art\Biomecha Game\Monster\monster_mid_07.blend
2014.10.15-20.03.54,save,819,00:13:39,monster_mid_07.blend,C:\Art\Biomecha Game\Monster\monster_mid_07.blend
2014.10.15-20.04.08,load,14,00:00:14,,
2014.10.15-20.15.41,load,693,00:11:33,monster_mid_07.blend,C:\Art\Biomecha Game\Monster\monster_mid_07.blend
2014.10.15-20.20.51,save,309,00:05:09,monster_mid_07.blend,C:\Art\Biomecha Game\Monster\monster_mid_07.blend
2014.10.15-20.20.53,load,2,00:00:02,,
2014.10.15-20.27.37,load,0,00:00:00,,
2014.10.15-20.28.53,load,0,00:00:00,,
2014.10.15-20.28.57,load,4,00:00:04,monster_mid_07.blend,C:\Art\Biomecha Game\Monster\monster_mid_07.blend
2014.10.15-20.59.46,save,1849,00:30:49,monster_mid_08.blend,C:\Art\Biomecha Game\Monster\monster_mid_08.blend
2014.10.15-21.07.05,save,438,00:07:18,monster_mid_08.blend,C:\Art\Biomecha Game\Monster\monster_mid_08.blend
2014.10.15-21.12.03,save,297,00:04:57,monster_mid_08.blend,C:\Art\Biomecha Game\Monster\monster_mid_08.blend
2014.10.15-21.18.54,save,411,00:06:51,monster_mid_08.blend,C:\Art\Biomecha Game\Monster\monster_mid_08.blend
2014.10.15-21.23.44,save,290,00:04:50,monster_mid_08.blend,C:\Art\Biomecha Game\Monster\monster_mid_08.blend
2014.10.15-21.28.29,save,284,00:04:44,monster_mid_08.blend,C:\Art\Biomecha Game\Monster\monster_mid_08.blend
2014.10.15-21.28.58,load,0,00:00:00,,
2014.10.15-21.36.48,load,0,00:00:00,,
2014.10.15-21.38.12,load,0,00:00:00,,
2014.10.15-21.38.25,load,0,00:00:00,,
2014.10.15-21.39.00,load,0,00:00:00,,
2014.10.15-21.39.24,load,0,00:00:00,,
2014.10.15-21.39.38,load,0,00:00:00,,
2014.10.15-21.40.15,load,0,00:00:00,,
2014.10.15-21.40.29,load,13,00:00:13,monster_mid_08.blend,C:\Art\Biomecha Game\Monster\monster_mid_08.blend
2014.10.15-21.57.28,save,1019,00:16:59,monster_mid_08.blend,C:\Art\Biomecha Game\Monster\monster_mid_08.blend
2014.10.15-21.58.35,save,67,00:01:07,monster_mid_08.blend,C:\Art\Biomecha Game\Monster\monster_mid_08.blend
2014.10.15-22.00.06,load,0,00:00:00,,
2014.10.15-22.00.10,load,3,00:00:03,monster_mid_08.blend,C:\Art\Biomecha Game\Monster\monster_mid_08.blend
2014.10.15-22.00.31,load,20,00:00:20,,
2014.10.15-22.01.15,load,44,00:00:44,monster_mid_08.blend,C:\Art\Biomecha Game\Monster\monster_mid_08.blend
2014.10.15-22.03.50,load,154,00:02:34,,
2014.10.15-22.04.42,load,0,00:00:00,,
2014.10.15-22.04.46,load,3,00:00:03,monster_mid_08.blend,C:\Art\Biomecha Game\Monster\monster_mid_08.blend
2014.10.15-22.05.54,save,67,00:01:07,monster_mid_09.blend,C:\Art\Biomecha Game\Monster\monster_mid_09.blend
2014.10.15-22.05.58,load,3,00:00:03,,
2014.10.15-22.06.00,load,2,00:00:02,monster_mid_09.blend,C:\Art\Biomecha Game\Monster\monster_mid_09.blend
2014.10.15-22.08.16,load,135,00:02:15,,
2014.10.15-22.08.42,load,25,00:00:25,monster_mid_09.blend,C:\Art\Biomecha Game\Monster\monster_mid_09.blend
2014.10.15-22.09.24,save,41,00:00:41,monster_mid_09.blend,C:\Art\Biomecha Game\Monster\monster_mid_09.blend
2014.10.15-23.16.43,save,4038,01:07:18,monster_mid_09.blend,C:\Art\Biomecha Game\Monster\monster_mid_09.blend
2014.10.16-13.11.38,load,0,00:00:00,,
2014.10.16-13.15.45,load,246,00:04:06,biomecha_99_19.blend,C:\Art\Biomecha Game\biomecha_99_19.blend
2014.10.16-14.18.14,load,3748,01:02:28,ebee3d_71.blend,C:\Art\Ebee3d\ebee3d_71.blend
2014.10.16-17.02.55,save,9881,02:44:41,ebee3d_72.blend,C:\Art\Ebee3d\ebee3d_72.blend
2014.10.16-17.24.56,save,1321,00:22:01,ebee3d_72.blend,C:\Art\Ebee3d\ebee3d_72.blend
2014.10.16-17.49.12,save,1456,00:24:16,ebee3d_72.blend,C:\Art\Ebee3d\ebee3d_72.blend
2014.10.16-18.19.40,load,0,00:00:00,,
2014.10.16-18.20.13,load,33,00:00:33,monster_mid_09.blend,C:\Art\Biomecha Game\Monster\monster_mid_09.blend
2014.10.16-18.38.36,save,1102,00:18:22,monster_mid_09.blend,C:\Art\Biomecha Game\Monster\monster_mid_09.blend
2014.10.16-18.39.32,save,55,00:00:55,monster_mid_09.blend,C:\Art\Biomecha Game\Monster\monster_mid_09.blend
2014.10.16-19.10.15,save,1843,00:30:43,monster_mid_09.blend,C:\Art\Biomecha Game\Monster\monster_mid_09.blend
2014.10.16-20.13.12,load,0,00:00:00,,
2014.10.16-20.13.24,load,11,00:00:11,monster_mid_09.blend,C:\Art\Biomecha Game\Monster\monster_mid_09.blend
2014.10.16-21.37.40,save,5056,01:24:16,monster_mid_09.blend,C:\Art\Biomecha Game\Monster\monster_mid_09.blend
2014.10.18-17.39.46,load,0,00:00:00,,
2014.10.22-10.17.12,load,0,00:00:00,,
2014.10.22-11.45.54,load,5322,01:28:42,monster_mid_09.blend,C:\Art\Biomecha Game\Monster\monster_mid_09.blend
2014.10.22-12.11.42,load,0,00:00:00,,
2014.10.22-15.41.56,load,12613,03:30:13,monster_mid_09.blend,C:\Art\Biomecha Game\Monster\monster_mid_09.blend
2014.10.22-15.47.17,load,0,00:00:00,,
2014.10.22-15.47.19,load,2,00:00:02,monster_mid_09.blend,C:\Art\Biomecha Game\Monster\monster_mid_09.blend
2014.10.22-15.56.55,save,576,00:09:36,monster_mid_10.blend,C:\Art\Biomecha Game\Monster\monster_mid_10.blend
2014.10.23-14.11.42,load,0,00:00:00,,
2014.10.23-15.23.44,load,4322,01:12:02,monster_mid_10.blend,C:\Art\Biomecha Game\Monster\monster_mid_10.blend
2014.10.23-16.25.39,load,3714,01:01:54,,
2014.10.23-17.00.05,load,2066,00:34:26,monster_mid_10.blend,C:\Art\Biomecha Game\Monster\monster_mid_10.blend
2014.10.25-13.54.19,load,75253,20:54:13,,
2014.10.25-14.11.21,save,1022,00:17:02,material_previewer_01.blend,C:\Art\Material Previewer\material_previewer_01.blend
2014.10.25-14.11.55,save,34,00:00:34,material_previewer_01.blend,C:\Art\Material Previewer\material_previewer_01.blend
2014.10.25-14.19.16,save,441,00:07:21,material_previewer_01.blend,C:\Art\Material Previewer\material_previewer_01.blend
2014.10.25-14.27.00,save,463,00:07:43,material_previewer_01.blend,C:\Art\Material Previewer\material_previewer_01.blend
2014.10.25-14.32.07,load,0,00:00:00,,
2014.10.25-14.33.16,load,0,00:00:00,,
2014.10.25-14.36.12,load,175,00:02:55,material_previewer_01.blend,C:\Art\Material Previewer\material_previewer_01.blend
2014.10.25-14.36.40,load,28,00:00:28,,
2014.10.25-14.36.47,load,7,00:00:07,material_previewer_01.blend,C:\Art\Material Previewer\material_previewer_01.blend
2014.10.25-14.46.03,save,555,00:09:15,material_previewer_01.blend,C:\Art\Material Previewer\material_previewer_01.blend
2014.10.25-14.46.26,save,22,00:00:22,material_previewer_01.blend,C:\Art\Material Previewer\material_previewer_01.blend
2014.10.25-15.05.43,save,1156,00:19:16,material_previewer_01.blend,C:\Art\Material Previewer\material_previewer_01.blend
2014.10.25-15.24.10,save,1107,00:18:27,material_previewer_01.blend,C:\Art\Material Previewer\material_previewer_01.blend
2014.10.25-15.30.08,save,358,00:05:58,material_previewer_01.blend,C:\Art\Material Previewer\material_previewer_01.blend
2014.10.25-15.41.08,save,660,00:11:00,material_previewer_01.blend,C:\Art\Material Previewer\material_previewer_01.blend
2014.10.25-15.46.51,save,342,00:05:42,material_previewer_01.blend,C:\Art\Material Previewer\material_previewer_01.blend
2014.10.25-15.47.42,save,51,00:00:51,material_previewer_01.blend,C:\Art\Material Previewer\material_previewer_01.blend
2014.10.25-15.49.15,save,92,00:01:32,material_previewer_01.blend,C:\Art\Material Previewer\material_previewer_01.blend
2014.10.25-16.16.34,save,1639,00:27:19,material_previewer_01.blend,C:\Art\Material Previewer\material_previewer_01.blend
2014.10.25-16.57.50,save,2475,00:41:15,material_previewer_01.blend,C:\Art\Material Previewer\material_previewer_01.blend
2014.10.25-17.02.58,save,308,00:05:08,material_previewer_01.blend,C:\Art\Material Previewer\material_previewer_01.blend
2014.10.25-17.03.33,save,34,00:00:34,material_previewer_01.blend,C:\Art\Material Previewer\material_previewer_01.blend
2014.10.25-17.03.51,load,0,00:00:00,,
2014.10.25-17.10.32,load,401,00:06:41,material_previewer_01.blend,C:\Art\Material Previewer\material_previewer_01.blend
2014.10.25-17.13.43,save,191,00:03:11,material_previewer_01.blend,C:\Art\Material Previewer\material_previewer_01.blend
2014.10.25-17.41.10,load,6,00:00:06,,
2014.10.25-17.50.27,load,557,00:09:17,,
2014.10.25-17.50.34,load,6,00:00:06,,
2014.10.25-17.50.55,load,20,00:00:20,,
2014.10.25-17.51.12,load,17,00:00:17,,
2014.10.25-17.51.34,load,21,00:00:21,material_previewer_01.blend,C:\Art\Material Previewer\material_previewer_01.blend
2014.10.25-17.51.51,save,16,00:00:16,material_previewer_02.blend,C:\Art\Material Previewer\material_previewer_02.blend
2014.10.25-17.53.34,save,103,00:01:43,material_previewer_02.blend,C:\Art\Material Previewer\material_previewer_02.blend
2014.10.25-18.45.55,save,3141,00:52:21,material_previewer_02.blend,C:\Art\Material Previewer\material_previewer_02.blend
2014.10.25-18.49.13,save,197,00:03:17,material_previewer_02.blend,C:\Art\Material Previewer\material_previewer_02.blend
2014.10.25-18.50.35,save,82,00:01:22,material_previewer_02.blend,C:\Art\Material Previewer\material_previewer_02.blend
2014.10.25-18.51.28,save,53,00:00:53,material_previewer_02.blend,C:\Art\Material Previewer\material_previewer_02.blend
2014.10.25-18.59.42,save,493,00:08:13,material_previewer_02.blend,C:\Art\Material Previewer\material_previewer_02.blend
2014.10.25-19.11.08,save,685,00:11:25,material_previewer_02.blend,C:\Art\Material Previewer\material_previewer_02.blend
2014.10.25-20.07.14,save,3366,00:56:06,material_previewer_02.blend,C:\Art\Material Previewer\material_previewer_02.blend
2014.10.25-20.18.02,save,647,00:10:47,material_previewer_03.blend,C:\Art\Material Previewer\material_previewer_03.blend
2014.10.25-20.24.31,save,389,00:06:29,material_previewer_03.blend,C:\Art\Material Previewer\material_previewer_03.blend
2014.10.25-21.30.05,save,3933,01:05:33,material_previewer_03.blend,C:\Art\Material Previewer\material_previewer_03.blend
2014.10.25-21.49.36,save,1171,00:19:31,material_previewer_03.blend,C:\Art\Material Previewer\material_previewer_03.blend
2014.10.25-23.43.15,load,0,00:00:00,,
2014.10.25-23.43.19,load,4,00:00:04,material_previewer_03.blend,C:\Art\Material Previewer\material_previewer_03.blend
2014.10.26-00.06.38,save,1398,00:23:18,material_previewer_03.blend,C:\Art\Material Previewer\material_previewer_03.blend
2014.10.26-00.06.42,load,4,00:00:04,,
2014.10.26-00.06.51,load,9,00:00:09,material_previewer_03.blend,C:\Art\Material Previewer\material_previewer_03.blend
2014.10.26-00.16.33,save,581,00:09:41,material_previewer_03.blend,C:\Art\Material Previewer\material_previewer_03.blend
2014.10.26-00.31.20,save,887,00:14:47,material_previewer_04.blend,C:\Art\Material Previewer\material_previewer_04.blend
2014.10.26-00.57.55,save,1594,00:26:34,material_previewer_04.blend,C:\Art\Material Previewer\material_previewer_04.blend
2014.10.26-01.16.17,save,1101,00:18:21,material_previewer_04.blend,C:\Art\Material Previewer\material_previewer_04.blend
2014.10.26-01.31.03,save,886,00:14:46,material_previewer_04.blend,C:\Art\Material Previewer\material_previewer_04.blend
2014.10.26-01.48.16,save,1032,00:17:12,material_previewer_04.blend,C:\Art\Material Previewer\material_previewer_04.blend
2014.10.26-02.04.36,save,980,00:16:20,material_previewer_04.blend,C:\Art\Material Previewer\material_previewer_04.blend
2014.10.26-02.10.19,save,343,00:05:43,material_previewer_04.blend,C:\Art\Material Previewer\material_previewer_04.blend
2014.10.26-02.13.54,save,214,00:03:34,material_previewer_04.blend,C:\Art\Material Previewer\material_previewer_04.blend
2014.10.26-02.16.01,save,126,00:02:06,material_previewer_04.blend,C:\Art\Material Previewer\material_previewer_04.blend
2014.10.26-02.18.15,save,134,00:02:14,material_previewer_04.blend,C:\Art\Material Previewer\material_previewer_04.blend
2014.10.26-02.21.41,save,206,00:03:26,material_previewer_04.blend,C:\Art\Material Previewer\material_previewer_04.blend
2014.10.26-02.26.22,save,280,00:04:40,material_previewer_04.blend,C:\Art\Material Previewer\material_previewer_04.blend
2014.10.26-02.55.01,save,1718,00:28:38,material_previewer_04.blend,C:\Art\Material Previewer\material_previewer_04.blend
2014.10.26-02.23.35,save,84514,23:28:34,material_previewer_04.blend,C:\Art\Material Previewer\material_previewer_04.blend
2014.10.26-11.06.38,save,31383,08:43:03,material_previewer_04.blend,C:\Art\Material Previewer\material_previewer_04.blend
2014.10.26-11.06.45,load,6,00:00:06,,
2014.10.26-11.11.40,load,0,00:00:00,,
2014.10.26-11.12.40,load,60,00:01:00,material_previewer_04.blend,C:\Art\Material Previewer\material_previewer_04.blend
2014.10.26-11.30.14,save,1053,00:17:33,material_previewer_05.blend,C:\Art\Material Previewer\material_previewer_05.blend
2014.10.26-12.31.57,save,3703,01:01:43,material_previewer_05.blend,C:\Art\Material Previewer\material_previewer_05.blend
2014.10.26-13.12.57,load,1,00:00:01,,
2014.10.26-13.12.59,load,2,00:00:02,material_previewer_05.blend,C:\Art\Material Previewer\material_previewer_05.blend
2014.10.26-13.15.11,save,131,00:02:11,material_previewer_05.blend,C:\Art\Material Previewer\material_previewer_05.blend
2014.10.26-13.38.03,load,1,00:00:01,,
2014.10.26-15.10.28,load,1,00:00:01,,
2014.10.26-15.13.30,load,181,00:03:01,material_previewer_05.blend,C:\Art\Material Previewer\material_previewer_05.blend
2014.10.26-17.25.47,save,7937,02:12:17,material_previewer_05.blend,C:\Art\Material Previewer\material_previewer_05.blend
2014.10.27-19.28.29,load,0,00:00:00,,
2014.10.27-22.11.42,load,0,00:00:00,,
2014.10.27-22.29.18,load,0,00:00:00,,
2014.10.27-22.29.25,load,7,00:00:07,material_previewer_05.blend,C:\Art\Material Previewer\material_previewer_05.blend
2014.10.27-22.30.09,load,44,00:00:44,material_previewer_04.blend,C:\Art\Material Previewer\material_previewer_04.blend
2014.10.27-22.30.13,load,4,00:00:04,material_previewer_03.blend,C:\Art\Material Previewer\material_previewer_03.blend
2014.10.27-22.34.56,save,282,00:04:42,material_previewer_demo.blend,C:\Art\Material Previewer\material_previewer_demo.blend
2014.10.27-22.35.26,load,0,00:00:00,,
2014.10.27-22.35.29,load,3,00:00:03,material_previewer_demo.blend,C:\Art\Material Previewer\material_previewer_demo.blend
2014.10.28-13.09.04,load,0,00:00:00,,
2014.10.28-13.55.26,save,55197,15:19:57,material_previewer_demo.blend,C:\Art\Material Previewer\material_previewer_demo.blend
2014.10.28-13.55.38,load,12,00:00:12,ebee3d_72.blend,C:\Art\Ebee3d\ebee3d_72.blend
2014.10.28-13.58.26,save,167,00:02:47,ebee3d_73.blend,C:\Art\Ebee3d\ebee3d_73.blend
2014.10.28-14.01.05,save,158,00:02:38,ebee3d_73.blend,C:\Art\Ebee3d\ebee3d_73.blend
2014.10.28-17.31.26,save,12621,03:30:21,ebee3d_73.blend,C:\Art\Ebee3d\ebee3d_73.blend
2014.10.28-17.31.52,load,0,00:00:00,,
2014.10.28-18.01.15,load,0,00:00:00,,
2014.10.28-18.01.31,load,0,00:00:00,,
2014.10.28-18.02.21,load,0,00:00:00,,
2014.10.28-18.03.21,load,0,00:00:00,,
2014.10.28-18.05.03,load,0,00:00:00,,
2014.10.28-18.05.34,load,0,00:00:00,,
2014.10.28-18.05.44,load,0,00:00:00,,
2014.10.28-18.10.06,load,0,00:00:00,,
2014.10.28-19.01.05,load,1,00:00:01,,
2014.10.28-19.02.05,load,0,00:00:00,,
2014.10.28-19.02.29,load,0,00:00:00,,
2014.10.28-19.02.37,load,0,00:00:00,,
2014.10.28-19.02.47,load,0,00:00:00,,
2014.10.29-18.00.28,load,0,00:00:00,,
2014.10.29-18.01.03,load,0,00:00:00,,
2014.10.29-20.36.51,load,0,00:00:00,,
2014.10.29-20.42.08,load,0,00:00:00,,
2014.10.29-20.42.44,load,0,00:00:00,,
2014.10.31-10.58.54,load,0,00:00:00,,
2014.10.31-10.59.10,load,16,00:00:16,ebee3d_73.blend,C:\Art\Ebee3d\ebee3d_73.blend
2014.10.31-11.10.31,save,681,00:11:21,ebee3d_74.blend,C:\Art\Ebee3d\ebee3d_74.blend
2014.10.31-12.34.30,save,5038,01:23:58,ebee3d_74.blend,C:\Art\Ebee3d\ebee3d_74.blend
2014.10.31-13.31.06,load,0,00:00:00,,
2014.10.31-13.51.11,load,1205,00:20:05,ebee3d_74.blend,C:\Art\Ebee3d\ebee3d_74.blend
2014.10.31-14.23.45,save,1953,00:32:33,ebee3d_74.blend,C:\Art\Ebee3d\ebee3d_74.blend
2014.10.31-14.30.07,load,0,00:00:00,,
2014.10.31-14.32.40,load,0,00:00:00,,
2014.10.31-14.34.27,load,0,00:00:00,,
2014.10.31-14.35.11,load,0,00:00:00,,
2014.10.31-14.36.15,load,64,00:01:04,ebee3d_74.blend,C:\Art\Ebee3d\ebee3d_74.blend
2014.10.31-14.36.35,save,19,00:00:19,ebee3d_74.blend,C:\Art\Ebee3d\ebee3d_74.blend
2014.10.31-14.36.38,load,2,00:00:02,,
2014.10.31-14.37.05,load,26,00:00:26,ebee3d_74.blend,C:\Art\Ebee3d\ebee3d_74.blend
2014.10.31-15.02.09,save,1503,00:25:03,ebee3d_74.blend,C:\Art\Ebee3d\ebee3d_74.blend
2014.10.31-17.50.10,load,0,00:00:00,,
2014.10.31-17.53.01,load,171,00:02:51,ebee3d_74.blend,C:\Art\Ebee3d\ebee3d_74.blend
2014.10.31-17.53.53,save,51,00:00:51,ebee3d_74.blend,C:\Art\Ebee3d\ebee3d_74.blend
2014.10.31-17.55.40,save,106,00:01:46,ebee3d_74.blend,C:\Art\Ebee3d\ebee3d_74.blend
2014.11.03-15.28.52,load,0,00:00:00,,
2014.11.03-21.02.25,load,0,00:00:00,,
2014.11.03-21.02.34,load,8,00:00:08,monster_mid_10.blend,C:\Art\Biomecha Game\Monster\monster_mid_10.blend
2014.11.03-21.11.55,save,561,00:09:21,monster_mid_10.blend,C:\Art\Biomecha Game\Monster\monster_mid_10.blend
2014.11.09-00.05.53,load,0,00:00:00,,
2014.11.10-18.10.20,load,0,00:00:00,,
2014.11.11-12.13.54,load,0,00:00:00,,
2014.11.11-12.14.16,load,22,00:00:22,biomecha_99_19.blend,C:\Art\Biomecha Game\biomecha_99_19.blend
2014.11.11-12.25.25,save,668,00:11:08,biomecha_99_19.blend,C:\Art\Biomecha Game\biomecha_99_19.blend
2014.11.11-12.56.11,save,1846,00:30:46,biomecha_99_20.blend,C:\Art\Biomecha Game\biomecha_99_20.blend
2014.11.11-13.00.16,save,245,00:04:05,biomecha_99_20.blend,C:\Art\Biomecha Game\biomecha_99_20.blend
2014.11.11-13.23.08,save,1371,00:22:51,biomecha_99_20.blend,C:\Art\Biomecha Game\biomecha_99_20.blend
2014.11.11-13.28.38,save,329,00:05:29,biomecha_99_20.blend,C:\Art\Biomecha Game\biomecha_99_20.blend
2014.11.11-14.04.33,save,2154,00:35:54,biomecha_99_20.blend,C:\Art\Biomecha Game\biomecha_99_20.blend
2014.11.11-14.09.54,save,321,00:05:21,biomecha_99_20.blend,C:\Art\Biomecha Game\biomecha_99_20.blend
2014.11.11-14.11.29,save,95,00:01:35,biomecha_99_20.blend,C:\Art\Biomecha Game\biomecha_99_20.blend
2014.11.11-14.13.43,load,0,00:00:00,,
2014.11.11-14.13.49,load,6,00:00:06,biomecha_99_20.blend,C:\Art\Biomecha Game\biomecha_99_20.blend
2014.11.11-14.40.11,save,1581,00:26:21,biomecha_99_20.blend,C:\Art\Biomecha Game\biomecha_99_20.blend
2014.11.11-14.41.49,load,0,00:00:00,,
2014.11.11-14.41.55,load,6,00:00:06,biomecha_99_20.blend,C:\Art\Biomecha Game\biomecha_99_20.blend
2014.11.11-14.46.45,save,290,00:04:50,biomecha_99_20.blend,C:\Art\Biomecha Game\biomecha_99_20.blend
2014.11.11-15.13.10,save,1585,00:26:25,biomecha_99_20.blend,C:\Art\Biomecha Game\biomecha_99_20.blend
2014.11.11-15.52.12,save,2341,00:39:01,biomecha_99_20.blend,C:\Art\Biomecha Game\biomecha_99_20.blend
2014.11.11-15.59.32,load,0,00:00:00,,
2014.11.11-16.01.46,load,133,00:02:13,biomecha_99_20.blend,C:\Art\Biomecha Game\biomecha_99_20.blend
2014.11.12-11.20.54,save,69548,19:19:08,biomecha_99_20.blend,C:\Art\Biomecha Game\biomecha_99_20.blend
2014.11.12-11.22.02,load,67,00:01:07,,
2014.11.12-20.08.11,load,31569,08:46:09,biomecha_99_20.blend,C:\Art\Biomecha Game\biomecha_99_20.blend
2014.11.13-11.55.29,save,56838,15:47:18,biomecha_99_20.blend,C:\Art\Biomecha Game\biomecha_99_20.blend
2014.11.13-12.00.38,load,308,00:05:08,ebee3d_74.blend,C:\Art\Ebee3d\ebee3d_74.blend
2014.11.13-12.12.44,load,726,00:12:06,,
2014.11.13-22.03.32,save,35448,09:50:48,avatars_posed_01.blend,C:\Art\Ebee3d\avatars_posed_01.blend
2014.11.13-22.03.46,load,13,00:00:13,biomecha_99_20.blend,C:\Art\Biomecha Game\biomecha_99_20.blend
2014.11.13-22.37.56,save,2049,00:34:09,biomecha_99_21.blend,C:\Art\Biomecha Game\biomecha_99_21.blend
2014.11.14-00.42.22,save,7465,02:04:25,biomecha_99_21.blend,C:\Art\Biomecha Game\biomecha_99_21.blend
2014.11.14-10.47.08,load,0,00:00:00,,
2014.11.14-12.47.33,load,7224,02:00:24,biomecha_99_21.blend,C:\Art\Biomecha Game\biomecha_99_21.blend
2014.11.14-13.20.46,save,1992,00:33:12,biomecha_99_21.blend,C:\Art\Biomecha Game\biomecha_99_21.blend
2014.11.14-14.14.07,save,3200,00:53:20,biomecha_99_21.blend,C:\Art\Biomecha Game\biomecha_99_21.blend
2014.11.14-22.29.49,save,29742,08:15:42,biomecha_99_21.blend,C:\Art\Biomecha Game\biomecha_99_21.blend
2014.11.15-13.11.51,save,52921,14:42:01,biomecha_99_21.blend,C:\Art\Biomecha Game\biomecha_99_21.blend
2014.11.15-15.36.25,load,0,00:00:00,,
2014.11.15-15.59.55,load,1409,00:23:29,biomecha_99_21.blend,C:\Art\Biomecha Game\biomecha_99_21.blend
2014.11.15-18.31.15,load,9080,02:31:20,,
2014.11.17-13.35.11,load,0,00:00:00,,
2014.11.17-13.37.09,load,117,00:01:57,biomecha_99_21.blend,C:\Art\Biomecha Game\biomecha_99_21.blend
2014.11.17-14.43.52,save,4003,01:06:43,biomecha_99_22.blend,C:\Art\Biomecha Game\biomecha_99_22.blend
2014.11.17-14.46.00,save,127,00:02:07,biomecha_99_22.blend,C:\Art\Biomecha Game\biomecha_99_22.blend
2014.11.17-15.02.27,load,987,00:16:27,monster_mid_10.blend,C:\Art\Biomecha Game\Monster\monster_mid_10.blend
2014.11.17-21.39.15,save,23807,06:36:47,monster_mid_11.blend,C:\Art\Biomecha Game\Monster\monster_mid_11.blend
2014.11.17-21.52.56,load,0,00:00:00,,
2014.11.17-21.52.59,load,2,00:00:02,monster_mid_11.blend,C:\Art\Biomecha Game\Monster\monster_mid_11.blend
2014.11.18-19.45.59,save,78779,21:52:59,monster_mid_11.blend,C:\Art\Biomecha Game\Monster\monster_mid_11.blend
2014.12.08-15.23.37,load,0,00:00:00,,
2014.12.08-15.25.32,load,115,00:01:55,ebee3d_75.blend,C:\Art\Ebee3d\ebee3d_75.blend
2014.12.08-15.49.13,save,1421,00:23:41,ebee3d_76.blend,C:\Art\Ebee3d\ebee3d_76.blend
2014.12.08-15.51.47,save,153,00:02:33,ebee3d_76.blend,C:\Art\Ebee3d\ebee3d_76.blend
2014.12.08-16.02.33,save,645,00:10:45,ebee3d_76.blend,C:\Art\Ebee3d\ebee3d_76.blend
2014.12.08-16.25.18,save,1364,00:22:44,ebee3d_76.blend,C:\Art\Ebee3d\ebee3d_76.blend
2014.12.11-12.59.45,load,0,00:00:00,,
2014.12.11-13.06.17,load,392,00:06:32,ebee3d_76.blend,C:\Art\Ebee3d\ebee3d_76.blend
2014.12.11-13.45.57,save,2380,00:39:40,ebee3d_77.blend,C:\Art\Ebee3d\ebee3d_77.blend
2014.12.12-11.41.54,load,0,00:00:00,,
2014.12.12-11.57.39,load,944,00:15:44,ebee3d_77.blend,C:\Art\Ebee3d\ebee3d_77.blend
2014.12.12-12.13.39,save,960,00:16:00,ebee3d_78.blend,C:\Art\Ebee3d\ebee3d_78.blend
2014.12.12-12.19.51,save,372,00:06:12,ebee3d_78.blend,C:\Art\Ebee3d\ebee3d_78.blend
2014.12.12-12.22.17,save,145,00:02:25,ebee3d_78.blend,C:\Art\Ebee3d\ebee3d_78.blend
2014.12.12-12.28.40,save,382,00:06:22,ebee3d_78.blend,C:\Art\Ebee3d\ebee3d_78.blend
2014.12.12-13.27.56,save,3556,00:59:16,ebee3d_78.blend,C:\Art\Ebee3d\ebee3d_78.blend
2014.12.12-23.26.54,load,0,00:00:00,,
2014.12.12-23.26.55,load,0,00:00:00,junkbot19.blend,C:\Art\JunkBot\JunkBot\junkbot19.blend
2014.12.12-23.31.22,load,267,00:04:27,,
2014.12.12-23.40.09,load,526,00:08:46,junkbot19.blend,C:\Art\JunkBot\JunkBot\junkbot19.blend
2014.12.12-23.43.02,save,172,00:02:52,junkbot19.blend,C:\Art\JunkBot\JunkBot\junkbot19.blend
2014.12.12-23.48.02,save,300,00:05:00,junkbot20.blend,C:\Art\JunkBot\JunkBot\junkbot20.blend
2014.12.12-23.54.36,load,0,00:00:00,,
2014.12.12-23.54.38,load,2,00:00:02,hair5.blend,C:\Art\Biomecha\Hair\hair5.blend
2014.12.15-16.01.05,load,0,00:00:00,,
2014.12.15-17.43.05,load,6120,01:42:00,tree_01.blend,C:\Art\Biomecha Game\Trees\tree_01.blend
2014.12.17-19.09.23,load,0,00:00:00,,
2014.12.17-21.54.13,load,0,00:00:00,,
2014.12.18-16.57.47,load,0,00:00:00,,
2014.12.18-17.56.46,load,3538,00:58:58,tree_01.blend,C:\Art\Biomecha Game\Trees\tree_01.blend
2014.12.18-18.03.49,load,0,00:00:00,,
2014.12.18-18.16.15,load,0,00:00:00,,
2014.12.19-19.52.49,load,1,00:00:01,,
2014.12.19-19.56.43,load,234,00:03:54,junkbot20.blend,C:\Art\JunkBot\junkbot20.blend
2014.12.19-21.19.27,save,4963,01:22:43,junkbot20.blend,C:\Art\JunkBot\junkbot20.blend
2014.12.26-12.32.52,load,0,00:00:00,,
2014.12.26-12.41.20,load,508,00:08:28,tree_01.blend,C:\Art\Biomecha Game\Trees\tree_01.blend
2014.12.26-13.52.37,save,4276,01:11:16,tree_01.blend,C:\Art\Biomecha Game\Trees\tree_01.blend
2014.12.27-12.41.09,load,0,00:00:00,,
2014.12.27-21.10.45,load,2,00:00:02,,
2014.12.28-00.12.22,save,10897,03:01:37,capsule_01.blend,C:\Art\Capsule\capsule_01.blend
2014.12.28-23.51.31,load,0,00:00:00,,
2014.12.28-23.52.08,load,36,00:00:36,biomecha_99_23.blend,C:\Art\Biomecha Game\biomecha_99_23.blend
2014.12.30-16.24.00,load,1,00:00:01,,
2014.12.30-16.25.23,load,82,00:01:22,monster_mid_12.blend,C:\Art\Biomecha Game\Monster\monster_mid_12.blend
2014.12.30-17.33.33,save,4089,01:08:09,monster_mid_13.blend,C:\Art\Biomecha Game\Monster\monster_mid_13.blend
2014.12.30-18.13.36,load,0,00:00:00,,
2014.12.30-18.13.42,load,5,00:00:05,monster_mid_13.blend,C:\Art\Biomecha Game\Monster\monster_mid_13.blend
2014.12.30-18.14.07,save,24,00:00:24,monster_mid_13.blend,C:\Art\Biomecha Game\Monster\monster_mid_13.blend
2014.12.30-18.14.14,load,7,00:00:07,,
2014.12.30-18.14.19,load,5,00:00:05,monster_mid_13.blend,C:\Art\Biomecha Game\Monster\monster_mid_13.blend
2014.12.30-18.19.40,save,321,00:05:21,monster_mid_13.blend,C:\Art\Biomecha Game\Monster\monster_mid_13.blend
2014.12.30-19.42.08,save,4947,01:22:27,monster_mid_13.blend,C:\Art\Biomecha Game\Monster\monster_mid_13.blend
2015.01.02-18.48.05,load,0,00:00:00,,
2015.01.02-18.48.17,load,12,00:00:12,monster_mid_13.blend,C:\Art\Biomecha Game\Monster\monster_mid_13.blend
2015.01.02-18.50.28,save,131,00:02:11,monster_mid_13.blend,C:\Art\Biomecha Game\Monster\monster_mid_13.blend
2015.01.02-19.20.15,save,1786,00:29:46,monster_mid_13.blend,C:\Art\Biomecha Game\Monster\monster_mid_13.blend
2015.01.02-19.21.08,load,0,00:00:00,,
2015.01.02-19.21.10,load,2,00:00:02,monster_mid_13.blend,C:\Art\Biomecha Game\Monster\monster_mid_13.blend
2015.01.02-19.25.53,load,0,00:00:00,,
2015.01.02-19.25.53,load,0,00:00:00,monster_mid_13.blend,C:\Art\Biomecha Game\Monster\monster_mid_13.blend
2015.01.02-19.50.20,save,1467,00:24:27,monster_mid_14.blend,C:\Art\Biomecha Game\Monster\monster_mid_14.blend
2015.01.02-19.50.47,save,27,00:00:27,monster_mid_14.blend,C:\Art\Biomecha Game\Monster\monster_mid_14.blend
2015.01.03-10.55.15,save,54267,15:04:27,monster_mid_15.blend,C:\Art\Biomecha Game\Monster\monster_mid_15.blend
2015.01.03-10.57.49,save,153,00:02:33,monster_mid_15.blend,C:\Art\Biomecha Game\Monster\monster_mid_15.blend
2015.01.03-11.48.10,save,3020,00:50:20,monster_mid_15.blend,C:\Art\Biomecha Game\Monster\monster_mid_15.blend
2015.01.03-20.34.23,load,0,00:00:00,,
2015.01.03-20.34.33,load,0,00:00:00,,
2015.03.05-11.23.27,load,0,00:00:00,,
